"cell","g4","weak_vs_base_median","weak_vs_base_pooled","sign_flip","weak_foldCV","robust_foldCV"
"vib:R1/CSS-008/ShZpeak",8.74393221808303,-18.5401281573773,5.79461247459356,TRUE,0.94919032349519,0.749504516334581
"vib:R1/CSS-008/ShYpeak",5.61836668041728,-3.76535818591346,3.97234626731462,TRUE,0.828964756471752,0.781966218301184
"vib:R1/CSS-008/ShZrms",8.58247548976258,4.34611390280768,2.80927907364272,FALSE,0.895371159580184,0.896540128884124
"vib:R1/CSS-007/ShZpeak",5.66911857887986,-27.4317963845918,-14.3288749173535,FALSE,0.886726605505851,0.708904619512926
"vib:R1/CSS-007/ShYpeak",6.22183096741684,-16.4660007671213,-5.0494656334154,FALSE,0.939740217942936,0.801797790934375
"vib:R1/CSS-007/ShZrms",7.24021051329654,4.52865436914087,4.75241055889264,FALSE,0.839941691817872,0.710828007047126
"vib:R2/CSS-008/ShZpeak",5.36577024635837,-5.94305091229658,18.5142107270075,TRUE,1.48414347023338,1.50899775695373
"vib:R2/CSS-008/ShYpeak",5.35543280179287,-5.71889735467627,3.32530210976143,TRUE,1.51936779210199,1.50643125488005
"vib:R2/CSS-008/ShZrms",5.34088186561411,-2.63904035476337,-0.260909595612402,FALSE,2.08355081012185,2.01821888321448
"vib:R2/CSS-007/ShZpeak",-1.19435712865026,8.9422695979345,4.91873866600565,FALSE,0.38665527360892,0.37509973632346
"vib:R2/CSS-007/ShYpeak",2.68669489875427,6.19939126843765,0.711624556149881,FALSE,0.414228419799081,0.374841995639259
"vib:R2/CSS-007/ShZrms",0.499709074103233,10.8206921350182,-0.529618027800849,TRUE,0.962893893682808,0.949992150288313
"rop:volve_2000_2080",26.2313015153555,-7.13875301878375,11.6365303848244,TRUE,1.48116582251685,1.47095970382695
"rop:volve_1740_1820",3.94012726912659,-17.6116249286106,-0.0616990908687387,FALSE,1.33235623672948,1.25956594900645
"rop:volve_2110_2200",1.09023362737689,-7.47882764486994,-10.8867938418465,FALSE,0.544532018496375,0.494055426008654
"rop:volve_1360_1480",4.03028403637376,5.58287495554044,14.872647604879,FALSE,0.909227901579885,0.892365493298019
