"dataset","role","gap","best_weak","best_robust","weak_vs_robust_ratio_med_pct","vg_vs_robust_ratio_med_pct","vg_vs_robust_paired_pct","vg_wins","n_splits"
"sru_y1_dynamic","strong_positive",20,"WPMM2","Huber",-15.56,-16.68,-4.15,4,5
"sru_y1_dynamic","strong_positive",50,"auto","L1",28.88,-7.95,-5.83,4,5
"sru_y1_dynamic","strong_positive",100,"auto-weak","Huber",11.35,14.03,4.43,1,5
"gas_turbine_co_2015_raw","strong_positive",20,"WPMM3","Huber",-10.14,-7.33,-2.88,4,5
"gas_turbine_co_2015_raw","strong_positive",50,"auto-weak","Huber",-10.94,-12.31,-1.8,3,5
"gas_turbine_co_2015_raw","strong_positive",100,"WPMM2","Huber",-4.8,4.25,0.3,2,5
"gas_turbine_nox_2015_raw","strong_positive",20,"auto-weak","ridge-LSE",-14.97,-10.98,-10.98,4,5
"gas_turbine_nox_2015_raw","strong_positive",50,"WPMM3","Huber",0.09,5.82,-7.41,3,5
"gas_turbine_nox_2015_raw","strong_positive",100,"WPMM3","L1",-2.26,1.8,-0.14,3,5
"sru_y2_static","tie_control",20,"WPMM3","LSE",0.21,11.78,2.23,2,5
"sru_y2_static","tie_control",50,"WPMM2","ridge-LSE",2.21,30.75,7.57,2,5
"sru_y2_static","tie_control",100,"WPMM2","ridge-LSE",-6.39,-5.35,5.29,2,5
