"dataset","role","method","sigma_mult","vs_default_ratio_med_pct","vs_robust_ratio_med_pct"
"sru_y1_dynamic","strong_positive","WPMM2",1.5,18.89,0.39
"sru_y1_dynamic","strong_positive","WPMM2",4,16.09,-1.98
"sru_y1_dynamic","strong_positive","WPMM3",1.5,0.29,1.18
"sru_y1_dynamic","strong_positive","WPMM3",4,2.36,3.27
"sru_y1_dynamic","strong_positive","auto-valgate",1.5,19.71,-0.26
"sru_y1_dynamic","strong_positive","auto-valgate",4,3.77,-13.54
"gas_turbine_co_2015_raw","strong_positive","WPMM2",1.5,4.99,7.22
"gas_turbine_co_2015_raw","strong_positive","WPMM2",4,3.57,5.77
"gas_turbine_co_2015_raw","strong_positive","WPMM3",1.5,28.86,15.79
"gas_turbine_co_2015_raw","strong_positive","WPMM3",4,1.15,-9.1
"gas_turbine_co_2015_raw","strong_positive","auto-valgate",1.5,-5.11,-12.07
"gas_turbine_co_2015_raw","strong_positive","auto-valgate",4,1.38,-6.05
"gas_turbine_nox_2015_raw","strong_positive","WPMM2",1.5,4.87,0.63
"gas_turbine_nox_2015_raw","strong_positive","WPMM2",4,-3.79,-7.68
"gas_turbine_nox_2015_raw","strong_positive","WPMM3",1.5,-1.19,-5.51
"gas_turbine_nox_2015_raw","strong_positive","WPMM3",4,-0.92,-5.25
"gas_turbine_nox_2015_raw","strong_positive","auto-valgate",1.5,14.15,1.61
"gas_turbine_nox_2015_raw","strong_positive","auto-valgate",4,13.33,0.89
"islr_credit_balance","modest_positive","WPMM2",1.5,11.23,7.39
"islr_credit_balance","modest_positive","WPMM2",4,0.65,-2.82
"islr_credit_balance","modest_positive","WPMM3",1.5,-8.84,-8.65
"islr_credit_balance","modest_positive","WPMM3",4,12.32,12.55
"islr_credit_balance","modest_positive","auto-valgate",1.5,-1.98,3.58
"islr_credit_balance","modest_positive","auto-valgate",4,0.41,6.11
"insurance_autobi_loss","modest_positive","WPMM2",1.5,2.22,0.48
"insurance_autobi_loss","modest_positive","WPMM2",4,-2.15,-3.82
"insurance_autobi_loss","modest_positive","WPMM3",1.5,2.93,-0.05
"insurance_autobi_loss","modest_positive","WPMM3",4,1.17,-1.76
"insurance_autobi_loss","modest_positive","auto-valgate",1.5,3.5,-0.54
"insurance_autobi_loss","modest_positive","auto-valgate",4,0.35,-3.56
"fremtpl2_severity_raw","rescue_tie","WPMM2",1.5,-0.89,0.23
"fremtpl2_severity_raw","rescue_tie","WPMM2",4,-1.07,0.05
"fremtpl2_severity_raw","rescue_tie","WPMM3",1.5,0,-0.26
"fremtpl2_severity_raw","rescue_tie","WPMM3",4,-0.31,-0.57
"fremtpl2_severity_raw","rescue_tie","auto-valgate",1.5,-0.32,-0.09
"fremtpl2_severity_raw","rescue_tie","auto-valgate",4,-0.07,0.16
"sru_y2_static","tie_control","WPMM2",1.5,10.05,11.22
"sru_y2_static","tie_control","WPMM2",4,4.34,5.45
"sru_y2_static","tie_control","WPMM3",1.5,52.62,52.94
"sru_y2_static","tie_control","WPMM3",4,2.04,2.25
"sru_y2_static","tie_control","auto-valgate",1.5,-1.77,9.8
"sru_y2_static","tie_control","auto-valgate",4,-8.26,2.54
"concrete","loss_control","WPMM2",1.5,-2.17,3.03
"concrete","loss_control","WPMM2",4,-0.05,5.25
"concrete","loss_control","WPMM3",1.5,-0.57,2.38
"concrete","loss_control","WPMM3",4,0.48,3.45
"concrete","loss_control","auto-valgate",1.5,1.02,4.32
"concrete","loss_control","auto-valgate",4,1.28,4.58
