"dataset","role","seed_rep","best_weak","best_robust","weak_vs_robust_ratio_med_pct","weak_vs_robust_paired_pct"
"sru_y1_dynamic","strong_positive",0,"WPMM2","Huber",-15.56,-5.53
"sru_y1_dynamic","strong_positive",1,"WPMM3","L1",0.76,-1.13
"sru_y1_dynamic","strong_positive",2,"WPMM3","L1",0.79,1.03
"gas_turbine_co_2015_raw","strong_positive",0,"WPMM3","Huber",-10.14,-2.6
"gas_turbine_co_2015_raw","strong_positive",1,"auto-weak","L1",2.4,2.27
"gas_turbine_co_2015_raw","strong_positive",2,"auto-weak","Huber",1.93,-1.33
"gas_turbine_nox_2015_raw","strong_positive",0,"auto-weak","ridge-LSE",-14.97,-6.8
"gas_turbine_nox_2015_raw","strong_positive",1,"auto-weak","ridge-LSE",5.23,-3.11
"gas_turbine_nox_2015_raw","strong_positive",2,"auto","Huber",-15.76,-1.4
"islr_credit_balance","modest_positive",0,"WPMM2","L1",-3.45,-2.87
"islr_credit_balance","modest_positive",1,"WPMM2","Huber",-12.52,-11.94
"islr_credit_balance","modest_positive",2,"WPMM2","Huber",-10.78,-11.09
"insurance_autobi_loss","modest_positive",0,"auto-weak","L1",-3.09,-4.41
"insurance_autobi_loss","modest_positive",1,"auto-weak","L1",-3.55,-3.14
"insurance_autobi_loss","modest_positive",2,"auto-weak","Huber",-2.87,-3.81
"fremtpl2_severity_raw","rescue_tie",0,"auto-weak","L1",-0.4,-0.86
"fremtpl2_severity_raw","rescue_tie",1,"auto-weak","L1",-0.39,-0.68
"fremtpl2_severity_raw","rescue_tie",2,"WPMM3","L1",-0.58,-0.62
"sru_y2_static","tie_control",0,"WPMM3","LSE",0.21,0.21
"sru_y2_static","tie_control",1,"auto-weak","Huber",-14.98,2.1
"sru_y2_static","tie_control",2,"WPMM3","ridge-LSE",4.27,-1.05
"concrete","loss_control",0,"WPMM3","L1",2.96,1.88
"concrete","loss_control",1,"WPMM2","L1",2.1,1.73
"concrete","loss_control",2,"auto","Huber",1.1,0.95
