"dataset","protocol","split","trmse_gate","rmse_gate","trmse_robust","rmse_robust","tree_trmse","tree_rmse"
"mass_boston_medv","random",1,2.62146844735686,4.92172757026093,2.62520636382759,6.37511044787795,2.0873732962213,3.54958333709981
"mass_boston_medv","random",2,2.71621473648668,4.16239122850692,2.76239724684155,4.38357829527825,1.83751863604611,2.75191563009672
"mass_boston_medv","random",3,2.44754149698749,4.07095237553536,2.19817904023256,3.3856228285987,1.77662737687375,2.74400656023718
"mass_boston_medv","random",4,2.5828938017001,4.46961738679019,2.79194991020658,4.96385086245412,1.68723109936104,2.87255643472695
"mass_boston_medv","random",5,2.60552235035398,4.20897770453245,2.59707386288297,4.14537364436419,1.88187512021386,3.18027641384522
"mass_boston_medv","random",6,2.78619114900089,4.27028320596361,2.45689793781659,4.18820263357719,1.81977924217566,2.83495238425576
"mass_boston_medv","random",7,2.97581649556856,5.06315293851707,3.15801690740098,5.6245858078723,1.95458164137177,2.95046235296063
"mass_boston_medv","random",8,3.00769111005346,5.27479581926699,3.11781018195771,5.28371165319224,1.96424435520115,3.40925303482568
"mass_boston_medv","random",9,3.54073720805488,5.17633657760508,3.24257407240907,6.46037292148843,2.117415862081,3.29212358518499
"mass_boston_medv","random",10,2.78962306845836,4.72897103619616,2.78217505237202,4.56496176322379,1.7866027717256,3.15805697043632
"mass_boston_medv","random",11,2.49993132648305,4.2016719782422,2.59230900619863,4.53386005839594,1.74555785918602,3.38112454644903
"mass_boston_medv","random",12,2.6762891837654,4.13790182048082,2.68875869830248,4.80855561408067,1.75982462604231,2.58641109437022
"mass_boston_medv","random",13,2.74024520566256,3.8856073857989,3.12665231938507,4.41256181683425,1.86315187684186,2.79166161679334
"mass_boston_medv","random",14,2.37675427823675,3.69914099845657,2.83341923763753,4.47256285728985,1.60893457363312,2.54908988085771
"mass_boston_medv","random",15,2.4614209383736,3.35893444499016,2.73244225497493,3.88046876116046,1.74225770113766,2.68388997185333
"mass_boston_medv","random",16,2.78010457415484,4.87663679308437,2.50737019207605,4.38262090919418,1.82261929313812,3.21708973378201
"mass_boston_medv","random",17,2.64876315408423,5.42713730568504,2.66405402212034,5.44550847587685,1.94354051787952,3.78430791105907
"mass_boston_medv","random",18,2.69657593335968,6.0716705610263,2.62851416000393,6.46107054739614,1.79589327636353,3.3902565753587
"mass_boston_medv","random",19,2.47509321587506,3.99628524958414,2.31762644483387,3.70266199291415,1.75219209740223,2.65598114547984
"mass_boston_medv","random",20,2.63314959225361,4.46112155127839,2.56630928911747,3.97933083876296,1.86248712412311,2.77866759660515
"mass_boston_medv","random",21,2.83151367923119,4.30708636925126,2.77773598483659,3.9700306328681,1.94686579280768,2.6086852958681
"mass_boston_medv","random",22,2.66112791787961,3.74903303620873,2.74013445588069,3.83413678603753,1.91037849531719,2.85047789614991
"mass_boston_medv","random",23,3.01948147221568,5.29668521987934,3.20219507483309,5.4832295062217,1.85143406774653,3.46893156227202
"mass_boston_medv","random",24,2.28538601453741,4.16787258774232,2.30392837467217,4.26391932620994,1.53236622883019,2.53085641275384
"mass_boston_medv","random",25,2.56267089978973,5.8298819121947,2.54019042466019,4.71326292003298,1.8028237494927,2.86965071737311
"mass_boston_medv","random",26,2.36527934363885,3.89853783952138,2.43774980305246,3.77060340592002,1.65391141209689,2.83228568217912
"mass_boston_medv","random",27,2.40448157740296,4.74575673013476,2.25684078313733,4.8414892868291,1.75361264868768,3.35216036124304
"mass_boston_medv","random",28,2.85027023246959,5.69613425008739,2.97082510048836,5.58454045621454,2.03313885298485,4.02584259397037
"mass_boston_medv","random",29,2.70378772805806,4.1408288312122,2.64641434830506,4.18541346764613,2.24767220998698,3.21184107267398
"mass_boston_medv","random",30,2.52583677869789,5.23994597607852,2.76456824171099,5.15388467131746,1.77051318509536,3.55884710509041
"islr_wage","random",1,21.1236901738955,37.5386348299026,21.0506839411788,36.9028528339721,20.4546058151526,35.7435038336433
"islr_wage","random",2,19.7747704041198,35.1831333153799,19.6767260034308,34.6974882193888,19.1380979263854,33.4980982370132
"islr_wage","random",3,20.3127025315538,34.5368181776483,20.1736056525532,34.1025805914347,19.4901361547186,32.9339392004571
"islr_wage","random",4,20.0650248378994,35.3898056268749,20.1320126834187,35.166289169078,20.2565098555296,34.5186295304522
"islr_wage","random",5,19.9018895978454,34.7050494008724,20.0725323778221,34.2422771996107,19.7681942019094,33.5094455873628
"islr_wage","random",6,20.608617172782,33.4007716001299,20.4256160037664,32.8983650267217,20.344286222563,32.5317662947141
"islr_wage","random",7,19.5400883974329,34.0762961919543,19.5426244328875,33.3791162363226,19.6680653937773,32.4644381015803
"islr_wage","random",8,20.6964293632941,35.7118928197805,20.8224394244823,35.4736314788307,20.7200517550976,34.5261718781004
"islr_wage","random",9,20.2599101782412,34.6653349516018,20.3073819615308,34.5226481822158,19.9303447639666,33.1869007001144
"islr_wage","random",10,20.0522601210735,33.648022077709,19.9266594786408,33.1333170290103,19.8390215613066,32.298151342245
"islr_wage","random",11,20.9707553768211,34.1103458273595,20.9521547025314,33.552751942855,20.3219457689883,32.5638911220833
"islr_wage","random",12,21.1843746715381,33.3771205437057,21.4756892208998,33.3523235114204,21.5824337672049,32.850685794024
"islr_wage","random",13,19.4420146915983,33.8164319555183,19.6742945400115,33.69269043189,19.2904870219629,32.007289875475
"islr_wage","random",14,21.2234655039982,37.2975338212737,21.1378290976753,36.7325549635399,20.6868260084222,35.615735402627
"islr_wage","random",15,20.6138831947786,37.0105697751488,20.8551889500974,36.8888415229079,20.8711259841808,35.8686760881327
"islr_wage","random",16,21.134526578765,35.6180716507106,21.3105406161328,35.3220232093868,20.401386985814,34.2820581598443
"islr_wage","random",17,19.7234954470976,34.6770730194603,20.1055593043132,34.5902455870769,19.520843845744,33.0772476662776
"islr_wage","random",18,20.5206894593284,35.8556397753836,20.7742644872655,35.7740948962679,20.3567994427911,34.7261619237012
"islr_wage","random",19,20.3514243842948,32.5724706160332,20.4842835977157,32.3325771423327,20.5645877752138,31.4980271233556
"islr_wage","random",20,20.247995064851,35.3680458631074,20.4237565934786,35.2623791905892,20.2774248516129,34.0016902234952
"islr_wage","random",21,21.4673611401243,34.5087225385589,21.4053588078221,34.0656396929487,21.1801548544847,33.3580079066974
"islr_wage","random",22,20.267241199393,35.0016102214274,20.3947598299602,34.838555695526,20.2498209744931,33.7729197047858
"islr_wage","random",23,20.0498578664004,33.7520929305193,20.3925084421771,33.7572973160843,20.5625320440756,33.3876469727772
"islr_wage","random",24,20.3882771021662,33.4344910840499,20.3476923749629,33.1381848328683,20.0268138165005,32.114013875946
"islr_wage","random",25,20.5554994868145,36.3647066930361,20.7575502760238,36.1578042274123,20.5895821384592,35.1378525600469
"islr_wage","random",26,21.0884731266436,35.9878774183629,21.3562756664067,35.8374778084825,20.7352499729457,34.4855954195546
"islr_wage","random",27,21.053888665863,36.4841287083707,21.0533046166749,36.1682982951731,21.0646302461584,35.266697424633
"islr_wage","random",28,19.9222603933126,36.1457628326922,20.0168517045257,35.6476402496745,19.8378801467098,35.033758898483
"islr_wage","random",29,19.9092998810494,33.446248483948,19.7964030781496,33.0003903152189,20.25761606555,32.8736706029128
"islr_wage","random",30,21.2888547433888,34.4699782585437,21.4367910741091,34.3725552169446,21.4428975016465,33.1218908448816
"airquality_ozone","random",1,13.0477187996072,16.5471914035628,13.5278546967881,16.1453076372103,9.10041891587659,13.7447982945815
"airquality_ozone","random",2,14.1942356023694,20.1910041580525,16.4181533134196,22.9294709787949,11.3323594483526,14.54267307201
"airquality_ozone","random",3,9.78941861407614,21.9406548794451,12.6528095745688,22.1589602187086,11.2032855745352,24.2746642161494
"airquality_ozone","random",4,12.1179932672996,15.2018025544329,12.1899180667332,15.7582638019169,8.58303375528982,12.3070742335649
"airquality_ozone","random",5,15.6356294786409,27.0605820634167,16.6266092627418,30.630922031044,12.4292830221395,27.5684321928438
"airquality_ozone","random",6,11.6566345140377,14.9163701390411,8.94547185228143,12.7040075383653,7.40228424204313,10.821314395123
"airquality_ozone","random",7,11.7855277928744,15.5922411724255,11.5317723764979,14.9796208554283,9.08085177111095,13.0331026651126
"airquality_ozone","random",8,14.4136450560397,21.0612460433609,12.3943967480386,24.8226886901938,8.3860832335483,13.243432529323
"airquality_ozone","random",9,13.2359727146961,18.0798959968503,13.6278820844201,18.5920207040062,9.27320622965853,14.062427565951
"airquality_ozone","random",10,14.0308356200987,25.1966411187362,14.1063414480889,26.0446724299674,14.0502727375663,30.5190597160591
"airquality_ozone","random",11,13.8099453685631,18.2536617450622,12.4632314566227,17.6565362274824,13.2558049326916,16.2580286462771
"airquality_ozone","random",12,14.5330374900515,25.6477160301598,14.3486919843593,25.2497931128101,9.07553311565405,19.4293172563428
"airquality_ozone","random",13,15.6566974872592,20.0085930568644,17.9362198304181,22.6768624869396,13.4198940880073,17.5288552809451
"airquality_ozone","random",14,14.1191174626457,25.5153205079929,17.2099941208247,27.6707763991364,11.2248666807228,15.6432381431459
"airquality_ozone","random",15,13.6322501059284,18.083615103742,12.4507987067505,15.8729744865563,11.0383269666296,13.2162661021387
"airquality_ozone","random",16,14.7194012469564,21.2391394930759,13.1758785100251,18.113264094827,11.6786524717347,14.848421031977
"airquality_ozone","random",17,16.9813467160231,25.3663393845949,12.2030295994089,32.1184061444534,9.4100521429657,13.6586815522594
"airquality_ozone","random",18,12.3526551563441,29.8358974127961,11.3222712815227,25.3361894550449,12.0587477150707,30.5577087122311
"airquality_ozone","random",19,17.766663530769,24.1581891013299,13.9902696205183,21.3524505099841,11.8407260663262,15.8953554037869
"airquality_ozone","random",20,14.0406353464616,23.1449875876317,14.9132053589184,21.8517831593014,10.3774280907062,16.7840446484721
"airquality_ozone","random",21,11.3862980934768,18.0314564172234,11.9880949526103,17.8522875028272,10.6072136041679,15.4942556175783
"airquality_ozone","random",22,10.1882407756642,12.7630895443542,9.85497220468768,13.2031047555103,8.82486240371171,12.0623876259261
"airquality_ozone","random",23,14.763712493422,25.2660716494135,14.1467373641838,21.6645123892629,10.9914919217851,17.738233602848
"airquality_ozone","random",24,16.3551635181376,31.144040761463,12.9756618626097,28.149146763808,12.5995549127737,26.2640429859581
"airquality_ozone","random",25,18.5283336087519,33.952052427056,19.5639980683713,34.3144265683612,15.6129570496834,33.5704209582452
"airquality_ozone","random",26,16.5898814713638,22.8354822349249,15.0030114982652,21.6669197853509,12.267015701556,17.82790491479
"airquality_ozone","random",27,18.5643421058883,29.491713809544,17.5489857222637,28.4519619846686,14.386174859651,28.8768355193427
"airquality_ozone","random",28,16.0655097660555,25.4358969580099,11.2724184063822,23.2906732670524,12.8595970877815,26.5367414359486
"airquality_ozone","random",29,16.274475948883,23.7800466764644,12.1800780976302,27.4483528572813,10.5123052340261,22.021273507787
"airquality_ozone","random",30,9.42006047922054,14.8290009817513,13.3376596176141,23.820733057006,8.15888178612731,10.4941485396114
"islr_credit_balance","random",1,60.6549303299087,151.51612322111,60.5871157864786,153.256716163622,43.3059123497525,96.0753315991617
"islr_credit_balance","random",2,57.2491714245991,132.228318958601,69.0170967955073,140.006964328279,54.335919369269,87.5336173186559
"islr_credit_balance","random",3,71.9499627976902,157.22291879223,73.1177543240581,145.939396292917,50.9801773313975,97.9919483410074
"islr_credit_balance","random",4,105.43320910499,178.546904286198,99.998842550608,179.890045066708,74.2211586675297,130.561239554046
"islr_credit_balance","random",5,62.3430765578897,125.187957458292,62.2761284220612,136.309899821396,48.2038135356811,87.7022352261712
"islr_credit_balance","random",6,52.2866353656544,121.738250445974,50.1960633660411,112.471087886047,44.5004993618812,88.7772760001116
"islr_credit_balance","random",7,63.9008842020298,191.634761732361,66.908111901958,131.610215707041,48.6444891578902,84.3534518137159
"islr_credit_balance","random",8,52.0460873232604,122.905124494752,55.2290994659273,119.059729863288,56.7537946444395,101.814750596365
"islr_credit_balance","random",9,46.3807740054621,117.353715595072,53.6737089485192,106.946851059672,58.965339152404,100.406824168258
"islr_credit_balance","random",10,80.7323121508469,158.85074862192,80.5035615859844,164.124029519976,52.5305143984234,84.5664623351887
"islr_credit_balance","random",11,67.9203720943262,152.714344876342,62.588209299533,138.151982073456,58.9846526460721,101.578552887791
"islr_credit_balance","random",12,41.1218675558788,118.433136529058,47.1488978628783,118.395606148392,48.9297195393304,76.8885660478129
"islr_credit_balance","random",13,53.8274133898863,96.6851823967164,60.2353455291163,101.928386628575,48.8300848647761,75.3535614899669
"islr_credit_balance","random",14,65.8916210993028,159.593722219894,61.6251004674644,142.710889556714,57.5455435468183,125.854200462722
"islr_credit_balance","random",15,46.6254399081217,149.48246982663,46.8280154475135,146.046867757008,41.2233531216541,79.1830781094603
"islr_credit_balance","random",16,77.378389141441,162.223133632159,79.8295425440993,173.932327948979,55.4538764210714,110.708066356221
"islr_credit_balance","random",17,43.0700377857805,131.765851445081,49.1546531492918,133.768979762082,62.7884984818473,103.401850119919
"islr_credit_balance","random",18,74.4090219074812,143.64665499498,63.2201861714687,147.42927061067,52.8121732693524,92.2834305050358
"islr_credit_balance","random",19,49.0482010300627,138.223613542174,52.205549875768,125.724491845869,55.504557119102,89.2963245019388
"islr_credit_balance","random",20,45.9304145961126,104.72322184679,47.1973736875997,108.975282742797,34.0757235224763,70.9176659608403
"islr_credit_balance","random",21,46.9179508970326,119.135238043514,51.5338044691547,110.632027245411,43.2767824290047,82.9815365909791
"islr_credit_balance","random",22,48.3643172584899,135.586926879171,53.3632413316398,138.227444409385,49.2648521767801,107.917003467685
"islr_credit_balance","random",23,60.437198613927,158.169324367078,61.2706164107455,143.012729314335,50.4595831823676,88.4237304064921
"islr_credit_balance","random",24,97.9888055644185,183.189243390023,104.872563372064,175.985062698477,65.8436238642759,120.380430637856
"islr_credit_balance","random",25,61.6960104876135,120.302828415748,78.8191473376133,142.571773619876,58.4309001014589,106.755602145482
"islr_credit_balance","random",26,41.7466755307613,119.534270510132,47.8873192133118,107.826876525046,43.0535470198177,86.0227079794115
"islr_credit_balance","random",27,47.9546241785259,138.333124349153,65.7470464621071,118.865269493081,41.3568051351607,83.1468902004158
"islr_credit_balance","random",28,50.6331072540077,139.571089175777,51.6843182425073,140.829522646634,39.2404565121757,67.639986714796
"islr_credit_balance","random",29,54.5918214997527,152.559156717725,60.3806890608649,145.526690598785,47.9376889305273,77.4534243630038
"islr_credit_balance","random",30,52.6111139729264,265.814074943604,53.6788408695136,197.758134089575,50.8327828543357,112.97298806942
"concrete","random",1,6.41128302000141,7.9077986491579,6.46306663956809,7.99771365178791,2.6355858062869,3.78106235924121
"concrete","random",2,6.28919819610223,8.43615966493401,6.05174983929863,8.01269552994326,2.40043425845755,3.92953487457192
"concrete","random",3,6.94211666754249,9.18772772051689,6.27383499517912,8.6992761850214,2.7405372369093,4.49631169810125
"concrete","random",4,6.5304575474022,8.45913347350206,6.29417287665498,8.01646566900673,2.2880539296134,3.68141804007484
"concrete","random",5,6.69144771079521,8.89145649643148,6.68657037800444,8.85489173799186,2.54640475575992,4.41157960574888
"concrete","random",6,6.59954901148423,8.68986818382281,6.58390271827529,8.6702334303198,2.77861356612115,4.37245270048616
"concrete","random",7,6.24426636604693,8.17895082690269,6.04561076266019,8.20227551286133,2.32563509881928,3.70691042767372
"concrete","random",8,6.95650339576885,9.05947790339932,6.63084525877588,8.70163861484899,2.54870363795748,4.51973543451616
"concrete","random",9,6.41741167056771,8.4549194783536,6.12165418015314,8.2543009945032,2.4022944163651,4.32943917516376
"concrete","random",10,7.16974243889226,9.03330165027108,6.93374572845352,8.79442300644772,2.31935206927696,3.68616057149844
"concrete","random",11,6.56673464415747,8.63705623254278,6.38735290672027,8.23038407998387,2.7120475532639,4.76816170949763
"concrete","random",12,6.18202478862079,7.96016588411937,6.14142389947951,8.07575962892736,2.36374349949573,4.40879486096726
"concrete","random",13,7.11463810655905,9.42025364946781,6.66198291033285,9.07950686512479,2.52123692973663,4.38246736833689
"concrete","random",14,6.46215267463226,8.49268995385084,6.87604860470548,8.91436847633626,2.62513249430495,3.84602303310534
"concrete","random",15,5.97041162392093,7.95204863315346,6.20997490752161,8.33236292133435,2.49815967318845,4.47432362476996
"concrete","random",16,6.59277856044523,8.88558938264018,6.31238800474149,8.68534759692175,2.59359332378119,4.76525229821234
"concrete","random",17,6.82287114328863,8.79549594518802,6.58712020722036,8.69105954514512,2.72003588942868,4.53187337188286
"concrete","random",18,6.24581017203653,7.7682028230341,6.27930307941078,7.93279977653858,2.53421320327662,3.50079730584664
"concrete","random",19,6.39086710955167,8.61740521549862,6.26859727145767,8.6710607020761,2.38282837381469,4.61129981530383
"concrete","random",20,6.47357486087235,8.78566426535315,6.58110622931285,8.86520358289493,2.44742700311171,4.48484201820723
"concrete","random",21,6.53036324245248,8.7587769498001,6.43854136011534,8.69739563327313,2.48902409245563,4.97898207296218
"concrete","random",22,7.12794626320811,9.17719184182246,6.76678218644849,8.83825325039461,2.55049728177009,4.06989268343075
"concrete","random",23,7.04549411534743,9.16314028438804,7.00783169663904,9.32077271953175,2.65418561661342,4.07918863465481
"concrete","random",24,6.97109180589747,8.8047529147336,6.72399722203048,8.72811912853415,2.30233469134348,4.30463886599676
"concrete","random",25,6.70446200516132,8.72610570609762,6.92045454418828,9.13437985541818,2.48834659206275,4.07425583504076
"concrete","random",26,6.97766610703104,8.77633926483829,6.74257208892998,8.75821193539953,2.47209038371205,3.98172631135901
"concrete","random",27,7.09786014514839,8.90577982498421,6.74770463110088,8.47566758379523,2.42585485542985,4.08790282456721
"concrete","random",28,6.6148357453215,8.55693539506763,6.65393861457317,8.81911214253763,2.2219750061701,4.01332179135952
"concrete","random",29,6.17246618334167,8.15559421956334,6.15389301259576,8.20736625515834,2.51870649313922,3.68726947113722
"concrete","random",30,6.4710201812969,8.4174895650032,6.39981063695582,8.23930134265785,2.54767431235386,4.41941709047702
"mass_cars93_mpg","random",1,1.90090886617205,3.26013832583032,1.58046582263528,2.11635443478491,1.34241033111192,1.69919946915565
"mass_cars93_mpg","random",2,3.27744000208466,5.34515917384946,2.35566593218313,3.40420399993944,2.46857749600882,3.33434040342703
"mass_cars93_mpg","random",3,2.27772538933373,2.80242224610828,1.79959029594993,2.34007178183466,1.78257616324739,2.16201246148071
"mass_cars93_mpg","random",4,2.03066907736557,2.66925310756692,1.80230942785115,2.43369885709781,1.78767793454549,2.31573888010858
"mass_cars93_mpg","random",5,2.18618154367031,2.47907050056835,2.17971366566365,2.54608510576745,1.6957392288434,2.46286043061434
"mass_cars93_mpg","random",6,2.30592021128218,4.38950816715482,2.05707492479129,5.40163575996039,1.71468852131989,2.40039238414964
"mass_cars93_mpg","random",7,1.38151676879149,1.99720052871864,1.32162759102214,1.83648870438619,1.3871519863536,2.05249932045648
"mass_cars93_mpg","random",8,2.03659823814065,6.27661227562005,2.36945166509996,3.30655813153273,1.2958792088681,2.25711819355623
"mass_cars93_mpg","random",9,1.84872157643719,3.32898083900968,1.92389116813366,2.9424891101452,1.54961002451268,2.57920509882385
"mass_cars93_mpg","random",10,1.73342033286833,2.1902664925025,1.5558311444964,1.95521463047297,1.54519319521887,2.08656617771318
"mass_cars93_mpg","random",11,1.98692972049525,2.68249226652622,1.91072647998958,2.64738355444236,1.28404648513073,1.95579090854009
"mass_cars93_mpg","random",12,2.28864417032106,3.11150343994923,2.07533653843234,2.75291189476983,1.8939708864825,2.50302311965139
"mass_cars93_mpg","random",13,1.95339631577861,5.25379893052436,2.16315622530319,2.9981082522003,1.6281241672838,2.83721237732992
"mass_cars93_mpg","random",14,1.70421751944947,5.37266747415622,1.41139005002479,3.53738013422721,0.909889781899258,3.44785900901295
"mass_cars93_mpg","random",15,1.75844177318993,2.50876531429852,1.64623916484604,2.87524360543605,1.30996361719041,2.20354236215212
"mass_cars93_mpg","random",16,2.5599413067107,113.243193233538,2.39612858915727,3.22940626939756,2.00094159121699,3.19405101787086
"mass_cars93_mpg","random",17,1.558022436149,2.35842156200748,1.70368066503107,2.11110013794051,1.44618878031331,2.22722797316405
"mass_cars93_mpg","random",18,2.64273333858885,14.5380428649337,2.7948103563169,13.4204490635656,1.88508597225883,4.31412758566513
"mass_cars93_mpg","random",19,1.92796917808279,3.89338972496793,2.27995415513443,3.96973489284011,2.05174807796635,4.30829064177061
"mass_cars93_mpg","random",20,2.25433351894,3.22261110126382,1.95932650491948,3.77330982270847,1.03254497374546,1.28720833240206
"mass_cars93_mpg","random",21,1.84407112275389,2.20815230007281,1.77600664770761,2.12169267743274,1.2586786443825,1.66571941335303
"mass_cars93_mpg","random",22,2.20906145685285,3.97377735080065,2.21994917586702,4.16038071924625,1.49869881669043,3.72349267796363
"mass_cars93_mpg","random",23,2.70095116951806,5.55626878598647,2.39441783449021,3.65495698906235,1.35006055298052,3.72175685034733
"mass_cars93_mpg","random",24,1.52969893171062,4.70098607087748,1.84641120200621,2.41156981361437,1.47384209680542,2.79023969689659
"mass_cars93_mpg","random",25,3.54668090259741,43.6840105479799,2.47708956180652,3.53996184151232,2.23159987715,4.38905583367438
"mass_cars93_mpg","random",26,2.84272088993742,5.77506079491064,2.44899462806076,6.93348595521271,1.24302286702748,2.16596948490135
"mass_cars93_mpg","random",27,1.84236204854056,2.95718364646321,2.27220205004774,3.8482892773006,1.76858667596738,3.21974332671831
"mass_cars93_mpg","random",28,1.46919748325212,2.31091893089409,1.48277766295288,2.43897929589445,1.1746518707872,1.5364418111837
"mass_cars93_mpg","random",29,2.07478196807265,6.93788431238653,2.34905724787005,3.89993261302424,2.04304296611782,3.84119566372036
"mass_cars93_mpg","random",30,1.9452690526248,2.85509603531738,2.3156553769657,3.08609860688981,1.78167556986599,2.45509620066045
"fremtpl2_severity_raw","random",1,704.627921920853,45048.0223199651,709.473207722977,45049.3120115397,1488.60225191302,45208.5502833509
"fremtpl2_severity_raw","random",2,641.833285881121,10479.9373607812,645.144939591905,10473.3277839134,1491.10061362978,14919.1940153147
"fremtpl2_severity_raw","random",3,647.865047024354,60886.8938304396,653.304000475504,60887.0652353382,1612.89652086122,60770.3631579029
"fremtpl2_severity_raw","random",4,675.444194963349,6232.04391875716,680.953140554095,6220.68140678007,1579.92737427722,10395.918727012
"fremtpl2_severity_raw","random",5,669.016965828258,11802.8193096006,671.674697969656,11835.9445619296,1453.3376945384,14854.8258119437
"fremtpl2_severity_raw","random",6,714.891366329705,11989.9715759977,717.226634378779,11983.4980623928,1611.796486059,15116.2967986867
"fremtpl2_severity_raw","random",7,723.138837157143,45074.82800437,722.342330449487,45065.2385256878,1672.36629336256,45743.2292099274
"fremtpl2_severity_raw","random",8,783.750175813429,11582.349359313,779.427824292155,11549.4796459614,1592.14714559981,14523.2950306691
"fremtpl2_severity_raw","random",9,713.92653339488,7827.92215493245,712.545237428459,7818.4144004994,1668.52356764938,12883.8222287437
"fremtpl2_severity_raw","random",10,707.966486683845,42754.1717980689,714.813051286083,42750.4387104824,1562.74188799795,42390.0667856659
"fremtpl2_severity_raw","random",11,706.178867829375,45042.9136512403,709.450462721872,45041.4670845393,1853.88275822718,46308.0163187254
"fremtpl2_severity_raw","random",12,713.509115804755,12126.2612358238,715.564384793025,12118.3521910357,1505.49617504491,13763.664902105
"fremtpl2_severity_raw","random",13,701.084025040832,60598.3325922737,699.174593838299,60596.1941597114,1695.01413500609,60472.6290216851
"fremtpl2_severity_raw","random",14,672.821409210119,45654.3921691188,674.44700226791,45665.4890584757,1640.30019908562,46139.5005785009
"fremtpl2_severity_raw","random",15,662.021279887793,8130.53432848565,665.889189148896,8089.91744979556,1587.77732065126,15350.7284285328
"fremtpl2_severity_raw","random",16,652.790307999787,13307.9919986609,654.683374449944,13305.2149710704,1533.84044700342,16129.087652155
"fremtpl2_severity_raw","random",17,687.914874810226,61210.7613269756,686.7934007934,61209.9171400816,1503.62052023376,61156.3445038829
"fremtpl2_severity_raw","random",18,680.249781384312,45754.9456169723,687.779080603844,45750.4322167153,1526.7799316017,45985.6615984615
"fremtpl2_severity_raw","random",19,696.603087748101,42506.2572999124,693.06199074863,42501.5793866185,1693.76071936075,40859.2627834099
"fremtpl2_severity_raw","random",20,634.74556612911,44665.6405763231,635.719891688564,44665.2179972137,1677.16775705464,45376.4082472
"fremtpl2_severity_raw","random",21,729.313480641525,42656.4359255979,737.508019663341,42648.936313416,1787.3886805957,44102.6356035905
"fremtpl2_severity_raw","random",22,685.476265250703,10872.8282963936,683.622019203515,10848.2188402912,1705.25253997019,17147.3681811087
"fremtpl2_severity_raw","random",23,692.383254571267,15039.9806309384,692.151240750298,15033.6627727838,1488.71165606051,16901.9969204204
"fremtpl2_severity_raw","random",24,680.011260912456,45294.7212426904,683.986078266798,45291.8399670264,1630.86902176126,46225.2912469861
"fremtpl2_severity_raw","random",25,690.099910751318,11159.1415118585,692.737057986735,11150.3129029704,1557.16770443278,12932.8440082861
"fremtpl2_severity_raw","random",26,733.057555237271,44982.1064196465,735.79200652897,44977.9734730238,1528.44689987685,45218.926638459
"fremtpl2_severity_raw","random",27,652.548916162983,9410.22607538993,653.420570522642,9407.93612078176,1601.10938485783,15362.9547846625
"fremtpl2_severity_raw","random",28,657.787523278218,42392.6501236097,662.766262996014,42389.7823727823,1597.30584863762,41780.9057739914
"fremtpl2_severity_raw","random",29,623.372605541118,10695.4246355388,632.823048059045,10676.3755967853,1528.09237552221,15591.9142580361
"fremtpl2_severity_raw","random",30,657.755400915968,13344.3098643169,662.960106635326,13342.2544498689,1390.25396920711,14544.815193136
"insurance_autobi_loss","random",1,1.72627129461894,20.1434763665643,1.74320207096295,20.1147442754913,3.48234088827395,20.7608062023805
"insurance_autobi_loss","random",2,1.69600314000124,18.5977142057704,1.79386509445164,18.6189061337897,3.2228734552241,18.256574796311
"insurance_autobi_loss","random",3,1.5577917749992,19.5227745431725,1.52933123067852,19.4731613682969,3.1042647438504,19.397945422316
"insurance_autobi_loss","random",4,1.97606282624033,17.9621396215868,1.92639223311463,16.209354523551,3.9649104987278,18.5522269682183
"insurance_autobi_loss","random",5,1.4411248948213,14.4182782689019,1.47586860152582,14.4145813938562,3.09394537366493,14.2022266231503
"insurance_autobi_loss","random",6,1.5517934763857,15.0804733359158,1.62609173648834,14.9586942333371,3.20208730043924,14.6196492410845
"insurance_autobi_loss","random",7,1.86985819117004,13.7999879926463,1.8894538994621,13.4987244389522,4.98613507804573,18.0592191567486
"insurance_autobi_loss","random",8,1.54145442822642,21.4541529968186,1.58484888487492,21.4498885492005,3.05902818002573,21.1559793851237
"insurance_autobi_loss","random",9,1.67152225430489,18.4906458333798,1.72970483477721,18.4606456066274,3.14728631155752,18.1216337096784
"insurance_autobi_loss","random",10,1.72509844351414,15.3418363359151,1.77198309724909,15.2525701428333,3.27379399832645,15.0029847396292
"insurance_autobi_loss","random",11,1.92147170703273,19.5075945682464,2.05342727099792,19.489825294354,3.22227253656497,20.2971055645189
"insurance_autobi_loss","random",12,1.56692675759708,8.55319737400881,1.62528744751023,8.59454784368778,3.45443844617009,8.67602500774948
"insurance_autobi_loss","random",13,1.76131728655101,19.7799582208515,1.75785926463005,19.8549503422521,3.78258417743486,21.2055648642018
"insurance_autobi_loss","random",14,1.55097159920925,19.690760145117,1.60232093698332,19.5140306813949,3.25786633007448,19.1926348384222
"insurance_autobi_loss","random",15,2.36291360254744,29.2568638913596,2.39168319064903,29.2224421711486,2.64231450229704,28.8936340913246
"insurance_autobi_loss","random",16,1.63697627355682,21.4147166342509,1.70081518802893,21.2933826232346,3.16478454250481,20.9970822813453
"insurance_autobi_loss","random",17,1.6885174671929,9.89216329278586,1.56543987356583,9.40590979688408,3.59092800631437,9.29225903774985
"insurance_autobi_loss","random",18,1.77348665213727,10.0831335180479,1.83688717466707,10.3221881535052,3.9573324919977,13.2397289970183
"insurance_autobi_loss","random",19,1.50615398605111,13.9635125310795,1.52066177460665,13.8464968729284,3.2826310996106,13.7523284926569
"insurance_autobi_loss","random",20,1.57917802206119,20.4895210715343,1.58123398463066,20.3177355819389,2.89821634678547,20.077315549291
"insurance_autobi_loss","random",21,1.53980450799076,9.06392007134109,1.64400804636757,8.33008804994156,3.56639907198563,13.0427122311363
"insurance_autobi_loss","random",22,1.62773520810445,17.5809777678321,1.6847641341078,17.5991904159362,3.29397344807927,17.3666085437346
"insurance_autobi_loss","random",23,1.93505323230357,16.9502256211135,2.07666444592035,17.0164510020656,3.86860117590828,18.6767818982677
"insurance_autobi_loss","random",24,1.72220938926932,10.7456341386101,1.72765889432848,10.7049056922773,3.30261844417983,10.4383358786464
"insurance_autobi_loss","random",25,1.95456290387618,21.3916975301068,2.10009351989133,21.3855938425423,3.05311294354559,21.0435453957983
"insurance_autobi_loss","random",26,1.51215299815473,8.06282601775774,1.47867025257062,8.10721059915278,3.51887043072839,7.84350515257443
"insurance_autobi_loss","random",27,1.58924993473209,12.2026842295027,1.63632940310405,12.3633700039061,3.20445499531033,12.1120443326558
"insurance_autobi_loss","random",28,1.60009552029005,13.6265793125717,1.59421586416858,7.57334875620448,2.83440631751491,10.6883393020424
"insurance_autobi_loss","random",29,1.64531618155529,23.9535928296019,1.69411499690149,23.9359766797424,2.87544027716704,23.5669609473175
"insurance_autobi_loss","random",30,1.82151096156422,8.73588629630649,1.81498764338741,8.83261433267014,3.70588631199186,8.5533967830452
"insurance_autoclaims_paid","random",1,971.937475279864,2839.80320717606,970.003862072433,2840.33738616236,1189.28814631669,2775.5962514125
"insurance_autoclaims_paid","random",2,943.360240057935,2543.72486527209,944.295383650931,2546.73398478209,1165.32797516868,2469.62303459855
"insurance_autoclaims_paid","random",3,991.508634029523,3320.84930310814,993.825835012972,3321.42286494675,1169.03332733998,3250.22147098356
"insurance_autoclaims_paid","random",4,941.49826738257,2725.32909661467,944.210500682909,2725.93328920018,1168.8072729981,2667.89443652565
"insurance_autoclaims_paid","random",5,910.847523223822,2961.73926068393,912.045483587214,2964.13775144215,1146.73990713048,2909.82636958746
"insurance_autoclaims_paid","random",6,978.27342231104,2996.8768082516,978.419449250375,2991.65266969339,1177.2448676678,2921.3064908291
"insurance_autoclaims_paid","random",7,875.613980753053,2849.47140990239,876.479936149747,2849.45582619797,1162.88589867184,2813.80018077796
"insurance_autoclaims_paid","random",8,901.840193097785,2435.28793172572,903.378641793103,2437.9566514281,1161.96190752227,2387.11176744894
"insurance_autoclaims_paid","random",9,942.977324233964,2386.0981174715,941.51452157486,2386.15103181112,1165.63584350192,2323.60286578442
"insurance_autoclaims_paid","random",10,932.681449689027,2401.76292999744,932.604182335783,2402.04230465528,1165.50096369587,2342.68379126149
"insurance_autoclaims_paid","random",11,937.634595548843,2343.3352372343,936.626707724537,2347.79851351412,1199.01748942618,2311.47751432412
"insurance_autoclaims_paid","random",12,923.547059360641,2856.39163495284,925.122192513585,2852.65315768237,1160.49839117515,2804.59746478243
"insurance_autoclaims_paid","random",13,982.931154082847,2521.14668706619,982.404479107284,2519.18996739099,1192.57170651203,2451.25487996132
"insurance_autoclaims_paid","random",14,1040.47146579469,2737.96525052282,1039.51043284797,2733.34175692859,1206.29414090575,2652.31795642113
"insurance_autoclaims_paid","random",15,976.252845688306,2827.24252995769,977.374291748491,2830.524011259,1158.74374481409,2755.25396541335
"insurance_autoclaims_paid","random",16,961.897596565626,2879.19395447039,964.068702784346,2878.99299151092,1181.49219184739,2822.27582732842
"insurance_autoclaims_paid","random",17,948.39355734607,2924.6327087885,950.114018955837,2925.36098394543,1171.13891636373,2859.37266375057
"insurance_autoclaims_paid","random",18,966.075612304933,3087.98405307981,966.300056481819,3088.99447915293,1166.93373984811,3024.45671489816
"insurance_autoclaims_paid","random",19,985.109500401238,2656.01471075846,982.562887249542,2650.91668142547,1185.61109591211,2579.89573445624
"insurance_autoclaims_paid","random",20,954.557635154965,2713.8215312248,952.944908890513,2709.57595292392,1171.47222755704,2639.54597493045
"insurance_autoclaims_paid","random",21,904.523724234216,2894.06255591815,904.4964124957,2897.97200280035,1149.88387853331,2833.52795201736
"insurance_autoclaims_paid","random",22,943.476301011139,2553.59423378713,943.377029670246,2558.88529749055,1174.00988174976,2491.90756254642
"insurance_autoclaims_paid","random",23,944.13083430708,2817.438760986,942.991648010316,2818.43335048965,1188.12137350994,2770.548163181
"insurance_autoclaims_paid","random",24,944.190978703816,2423.00643930287,944.417784234321,2424.70636020664,1171.49950473667,2364.81228254147
"insurance_autoclaims_paid","random",25,945.138666530521,2513.63808018908,943.480280071494,2511.45756913095,1170.8802510115,2451.0062996893
"insurance_autoclaims_paid","random",26,927.767076350563,2482.57595871803,929.95281257941,2482.56504959562,1163.64247457472,2423.97184798831
"insurance_autoclaims_paid","random",27,942.168610693808,2806.13525636939,944.184271445096,2804.93407855934,1186.24459935,2751.66055138229
"insurance_autoclaims_paid","random",28,924.781152540625,2784.63918260846,922.489073669473,2787.07805384656,1178.37379004076,2742.55700731996
"insurance_autoclaims_paid","random",29,978.930386160831,3014.08751356807,980.607995860986,3009.12115038709,1179.15860361348,2947.99764584321
"insurance_autoclaims_paid","random",30,962.379533058263,2633.41450774388,963.21578650584,2632.33568367359,1173.59570380771,2561.43670485998
"fremtpl2_severity_log","random",1,0.820808743967794,1.26873105880361,0.822436406821591,1.26136892585865,0.828561507004053,1.2371556438727
"fremtpl2_severity_log","random",2,0.717473182966218,1.13224342901245,0.720321541547428,1.14227352786981,0.733905547526041,1.12737861974331
"fremtpl2_severity_log","random",3,0.763716311735804,1.20182557568499,0.763189356222743,1.21028990471532,0.776890680221741,1.18997576773328
"fremtpl2_severity_log","random",4,0.788712661378,1.2412960251275,0.792442202616022,1.249781223649,0.801738140637245,1.2252327898329
"fremtpl2_severity_log","random",5,0.760951392817324,1.2656913268836,0.76338798473195,1.7787767785127,0.774931297129569,1.2010551367958
"fremtpl2_severity_log","random",6,0.842912786293429,1.27818077302868,0.844321537270419,1.28012392279256,0.855210151098727,1.26179932546238
"fremtpl2_severity_log","random",7,0.78197563916765,1.25388706433733,0.783109049182368,2.84641506984915,0.805817671260302,1.20157171092329
"fremtpl2_severity_log","random",8,0.889768131157411,1.31657622396577,0.887189704160559,1.32584499851229,0.906858717598394,1.30936135131416
"fremtpl2_severity_log","random",9,0.778858938949438,1.19112906998171,0.775974756433556,1.20300606354712,0.802154437737325,1.19299062016404
"fremtpl2_severity_log","random",10,0.814575124669932,1.41835745768559,0.814233644062569,1.2851752595814,0.82447962938939,1.26207979059285
"fremtpl2_severity_log","random",11,0.783360320483805,1.2517311346774,0.787919506395125,1.27764237889909,0.802258103692656,1.23701960293587
"fremtpl2_severity_log","random",12,0.773434999346546,1.23205989330585,0.777550662413528,1.23728772138203,0.802424843941292,1.22077197112222
"fremtpl2_severity_log","random",13,0.835461601296327,3.33863344325424,0.839874664149156,1.30634876284844,0.841388890909911,1.25340375672836
"fremtpl2_severity_log","random",14,0.767022755937475,1.42025843008461,0.76403072256876,1.51518114274083,0.791961436651023,1.21606804284917
"fremtpl2_severity_log","random",15,0.818403471974411,3.26646521670281,0.818616724442911,1.90664333033879,0.823997461265659,1.21821684506755
"fremtpl2_severity_log","random",16,0.760439955340168,1.21211466881527,0.759526349394749,1.21398622036418,0.778205609168491,1.20015406260708
"fremtpl2_severity_log","random",17,0.778578550054578,1.23979586890876,0.778443932261978,1.24598058943527,0.797012844426664,1.23047063143935
"fremtpl2_severity_log","random",18,0.79507252870371,1.25808518326734,0.793931810625434,1.26342700133449,0.806553585872729,1.24722995526917
"fremtpl2_severity_log","random",19,0.745902960920262,1.21663420550093,0.750098609699125,1.22283227192634,0.776118708104266,1.21592175114903
"fremtpl2_severity_log","random",20,0.741216152215809,1.17159992149099,0.739571840037333,1.18344038122125,0.747841352885876,1.16010396850079
"fremtpl2_severity_log","random",21,0.854644833420184,1.48601156565484,0.859324923631255,1.35228030123128,0.858167538989244,1.29271834725882
"fremtpl2_severity_log","random",22,0.747572135970945,1.32535042476359,0.741328635984798,2.99018377276062,0.760766038102422,1.18213098848784
"fremtpl2_severity_log","random",23,0.825255028850845,1.29066522111439,0.826130798983693,1.29275377556761,0.83716029042819,1.27405456772704
"fremtpl2_severity_log","random",24,0.772542484160914,1.21716717271635,0.772165505176691,1.22229038608264,0.790484465776434,1.20565530187951
"fremtpl2_severity_log","random",25,0.798038725578538,1.21541121137074,0.795109200748189,1.23961446812374,0.814134059020272,1.20641167406289
"fremtpl2_severity_log","random",26,0.805973189352015,1.2589945702741,0.807704438766448,1.26414142668968,0.823382379526273,1.25000761184591
"fremtpl2_severity_log","random",27,0.737484738299023,1.17871208783198,0.742928041472809,1.18132877457035,0.755498029350554,1.16529304166633
"fremtpl2_severity_log","random",28,0.755460315927944,1.19916579042821,0.757982735644378,1.20746558398568,0.770895002968665,1.19071041819799
"fremtpl2_severity_log","random",29,0.78552031719113,1.42700302531842,0.787522103774771,1.36521655813133,0.788578540992018,1.21452778584519
"fremtpl2_severity_log","random",30,0.810743465448218,1.2957115159852,0.816412337723578,1.78366054976106,0.815725114884987,1.24326945970449
"sru_y1_static","blocked",1,0.0458357062260368,4.5771964517689,0.0301825762418454,0.13572732404333,0.020078515113706,0.0911759701343156
"sru_y1_static","blocked",2,0.0132105088787072,0.0170407412129304,0.0132432889897508,0.0168337576224384,0.0136483632438384,0.0167687437039628
"sru_y1_static","blocked",3,0.0228069437684372,0.0946611217187257,0.0386269501298607,0.210430379416697,0.0233359202134906,0.0886372631887784
"sru_y1_static","blocked",4,0.02058774328471,0.0381056355621477,0.0202997831907192,0.0380279216668005,0.0200378671711097,0.0362611744410505
"sru_y1_static","blocked",5,0.022513562548456,0.0347389500554973,0.0292615702167153,0.0416268042288977,0.0263501432869615,0.037368511609776
"sru_y1_dynamic","blocked",1,0.00227835086865843,0.0522391197337844,0.00330324238945173,0.0272908630677013,0.00251811325546165,0.0397136087060818
"sru_y1_dynamic","blocked",2,0.00161336552480317,0.00455958753153512,0.00110647602351497,0.00442193015185665,0.00127612978318324,0.00400913061403513
"sru_y1_dynamic","blocked",3,0.00338526947513322,0.0328245511214113,0.00408723455040607,0.0281165241107532,0.00496159428036285,0.0574767685360219
"sru_y1_dynamic","blocked",4,0.00223548637545672,0.015036493719392,0.00290651495736749,0.014255745841918,0.00317189503457874,0.0160591092844936
"sru_y1_dynamic","blocked",5,0.00202539662906836,0.00882021203833021,0.00242126701970307,0.00917399103009969,0.0028152277902011,0.0136851351366796
"sru_y2_static","blocked",1,0.0559799085662223,0.778094717144803,0.127610835642585,8.81430865063452,0.0363524277338354,0.0642824892963488
"sru_y2_static","blocked",2,0.0222588664336363,0.0319121823506374,0.0337990016049012,0.046964176904894,0.0251656478840598,0.0332785004948678
"sru_y2_static","blocked",3,0.386339752462931,0.565619431379527,0.114749672304742,0.277698891909857,0.0384143168405361,0.0592717882087288
"sru_y2_static","blocked",4,0.0556836881458186,0.0806485931189506,0.0380501134634332,0.0643922113320218,0.0324734398719275,0.0608115770381926
"sru_y2_static","blocked",5,0.0336176388606749,0.0642290395748569,0.0314270183108428,0.0643071351068182,0.0329610013106488,0.065271825934539
"gas_turbine_co_2015_raw","blocked",1,0.530546189678842,2.05994286209746,0.659510689467646,2.95348361180937,0.384322203741507,0.776660603575383
"gas_turbine_co_2015_raw","blocked",2,0.571946791547873,1.41228584518173,0.580284356264231,1.43925860012521,0.531773240867445,1.51264834611887
"gas_turbine_co_2015_raw","blocked",3,0.808934824398293,4.68969860237764,0.795727324137922,3.14929248434506,0.761442373287292,2.05881143579618
"gas_turbine_co_2015_raw","blocked",4,0.78184430633332,1.57395319494905,0.78623695734315,1.70815588094964,0.789919244164859,1.29223469160989
"gas_turbine_co_2015_raw","blocked",5,0.669362918805687,0.882474988969849,0.636537566039064,0.915771546865871,0.51602568021489,0.741328686838127
"gas_turbine_nox_2015_raw","blocked",1,4.68679730388728,19.4160341991116,4.35074262644606,10.3133532932243,2.25417944843444,4.06370650331394
"gas_turbine_nox_2015_raw","blocked",2,2.67688701252358,5.26079125587062,2.99687475480123,5.58273155441177,2.19376610222518,3.88406625472034
"gas_turbine_nox_2015_raw","blocked",3,3.77749450636547,6.82343762799829,3.85396531971957,5.81897685631633,2.71548424750282,4.69246837569225
"gas_turbine_nox_2015_raw","blocked",4,2.95234524661811,4.49122385915686,3.28060567774699,4.33319896748819,2.23740308128229,3.01841683874644
"gas_turbine_nox_2015_raw","blocked",5,5.34252617705485,6.42776172621177,5.39424245440531,6.37593855630362,4.46718475812074,5.20632477418857
