"candidate","method","n_ok","trmse_med","trmse_iqr","mae_med","mae_iqr","rmse_med","bias_med"
"mass_boston_medv","auto",30,2.69060251730377,0.41859426641711,2.98849298666506,0.494094337892212,4.23276866450302,0.112293559135483
"mass_boston_medv","auto-weak",30,2.70156944407477,0.396165693007473,3.13430039491735,0.591079220618524,4.60112225494187,-0.063044810906599
"mass_boston_medv","WPMM2",30,2.66981846987228,0.453797859420362,3.05779838500921,0.704784432644441,4.70479304206765,-0.46229451875698
"mass_boston_medv","WPMM3",30,2.63572564414798,0.323062349603006,2.91381820493654,0.517382372595586,4.28479004092818,-0.0793836674614272
"mass_boston_medv","LSE",30,2.7769140213465,0.311849082919022,3.13435714477065,0.498676490470245,4.53077209677543,0.215069046306652
"mass_boston_medv","ridge-LSE",30,2.83061370415828,0.450654004842519,3.16515505360751,0.411674178273899,4.56685454330945,0.110639085274902
"mass_boston_medv","Huber",30,2.58739236484971,0.279462675000319,3.00260885222264,0.447162799158544,4.22830546600247,-0.0151858172096253
"mass_boston_medv","L1",30,2.61154039108399,0.478022530455172,3.02396644272026,0.557843133387598,4.5741864693729,-0.0806836781129024
"islr_wage","auto",30,20.9141402044081,0.74265804123802,23.5973915963587,0.775247253718792,34.2711221462063,-0.0130727539888538
"islr_wage","auto-weak",30,20.8095612243831,0.933622130961677,23.5761419690922,0.850923581311577,34.6076933307353,-0.0771369588043077
"islr_wage","WPMM2",30,20.3769948942196,0.993418113663346,23.2813614833305,0.647772354150874,35.1910095315809,-6.97829916821584
"islr_wage","WPMM3",30,20.3608956919352,0.870223842739748,23.2686050569742,0.806088890253037,34.7903325786321,-4.29367912161864
"islr_wage","LSE",30,21.1800497386827,0.932141175057119,23.6859496821848,1.06626769374458,34.4271252972852,-0.0227633670357793
"islr_wage","ridge-LSE",30,21.0861547220559,0.66758724620761,23.7200234383763,0.983171864793199,34.3755593090354,-0.00820846350534574
"islr_wage","Huber",30,20.4002385548346,0.800574421187477,23.1791720902373,0.991188475808638,34.4500251525521,-3.03237569469877
"islr_wage","L1",30,20.5667539748567,1.02083389866506,23.2102007800141,1.0941291626936,34.510952439086,-3.60525221525228
"airquality_ozone","auto",30,13.9476083497042,3.58846115096905,15.0668703307523,3.85080727902733,20.5751160176943,-0.800550720052158
"airquality_ozone","auto-weak",30,13.0979688537968,4.2600007130329,14.9972049222017,4.01999669987959,20.5984223730422,-1.30179338507106
"airquality_ozone","WPMM2",30,13.3361752215354,3.25034387320214,14.5694386012894,4.39069377113125,19.9474911444359,-3.80972223401737
"airquality_ozone","WPMM3",30,13.6622608382416,3.76686477297065,15.3627870110446,3.6984257949084,21.4740560021689,-2.26054855949144
"airquality_ozone","LSE",30,14.4191478578381,3.50142121926398,15.6092742236277,3.7222675372932,21.1318023069952,-2.76849391374077
"airquality_ozone","ridge-LSE",30,13.8274301881843,3.5209023750457,15.513522945615,4.56113176628333,21.3831508834347,-0.392121506527434
"airquality_ozone","Huber",30,13.5530183930276,3.36818234109878,15.4161695723172,4.25523801941915,21.0564535407558,-2.57796092239616
"airquality_ozone","L1",30,13.6313991233332,4.45768078690033,15.0044995087327,4.59218928382601,22.1935997023063,-1.77603691666094
"islr_credit_balance","auto",30,63.4142427135326,9.75962881073606,77.4844394792085,12.0090170090795,127.178644456579,-9.83733983022372
"islr_credit_balance","auto-weak",30,62.4560513004788,21.0770620430419,79.9452393586506,18.4184298957526,132.873728491845,-14.3475922812006
"islr_credit_balance","WPMM2",30,51.645936777987,19.461444880488,77.765224093924,18.8813029367246,144.14312107986,-41.0525009319667
"islr_credit_balance","WPMM3",30,53.6006926819466,23.5445007325805,76.943388359927,18.3297508777514,137.442218047678,-33.1299434942531
"islr_credit_balance","LSE",30,69.3266383698223,8.31648864432104,80.939325047684,10.5662695786509,122.400086463736,-6.50168681360154
"islr_credit_balance","ridge-LSE",30,71.603762186934,11.6789629164299,83.5380813811342,11.1629390818807,127.252004181571,-9.62113365211099
"islr_credit_balance","Huber",30,63.3934677871027,17.3458294319374,76.924277335217,16.952338562077,124.742564525647,-25.090128788356
"islr_credit_balance","L1",30,53.4890970396919,21.5819057363773,76.1807172367625,15.2778542228757,137.293407738041,-26.850834454949
"concrete","auto",30,6.55783533674084,0.609220080454244,6.6651649745086,0.509458469285487,8.64402235971805,0.072044806545654
"concrete","auto-weak",30,6.56773931077229,0.500389485090782,6.72250109292967,0.388569866756404,8.64105822467651,0.399431339465654
"concrete","WPMM2",30,6.70248238673289,0.523084430343935,6.75380613051417,0.53343592172453,8.80500891590333,0.0085451350530851
"concrete","WPMM3",30,6.55311685786224,0.321456517961589,6.69108272081236,0.324934660700577,8.56915299414967,-0.193373446883147
"concrete","LSE",30,6.67411865638654,0.634436905709163,6.75725807677496,0.629817880656276,8.79245092862556,0.0286292550069782
"concrete","ridge-LSE",30,6.7359460558949,0.653062357876493,6.77191387910181,0.523164387695486,8.57864875980236,0.126855173883289
"concrete","Huber",30,6.52485214363116,0.491177538363671,6.73277632297265,0.572698086019425,8.70886904004401,0.192422815105313
"concrete","L1",30,6.36471584738072,0.417639146988454,6.5038035333365,0.422113614319671,8.48902524269284,-0.44355662456193
"mass_cars93_mpg","auto",30,2.03730339208965,0.738484072376636,1.96825695359471,0.60319571938694,2.91553431089801,0.0780710627475572
"mass_cars93_mpg","auto-weak",30,1.98295288485743,0.333762076633806,2.04772521856887,0.570009666015569,2.72400395887284,-0.092293714259543
"mass_cars93_mpg","WPMM2",30,1.81860065496987,0.65967823582063,2.08523466300943,0.775670024342037,3.01353562352578,0.306472244319811
"mass_cars93_mpg","WPMM3",30,1.99309683499481,0.732504758283055,2.13880952244393,0.825487544326438,3.12103142968992,-0.115385990174183
"mass_cars93_mpg","LSE",30,1.88512921503646,0.56195023601458,1.977977175027,0.64717315790332,2.68395215074942,0.205701175267781
"mass_cars93_mpg","ridge-LSE",30,2.02648032130626,0.790486387572259,2.23507424444474,1.16395761347962,3.22670860994804,0.119428192804298
"mass_cars93_mpg","Huber",30,1.96414095888697,0.732254674740566,2.10266026441921,0.536197931639822,2.87532772794391,-0.141150113477259
"mass_cars93_mpg","L1",30,1.89467454504922,0.393801116150776,1.99398021648589,0.420242430347611,2.61641450457182,-0.194840867078639
