"dataset","proto","split","LSE","Huber","L1","WPMM2","WPMM3","auto-weak","auto-valgate"
"islr_credit_balance","random",1,67.7012981993251,64.7624373252708,62.0365964643472,54.4432853304775,58.1065677970362,65.1197691230075,55.4899345135412
"islr_credit_balance","random",2,68.8830628967492,55.7285257805065,56.1600236953414,47.9232792423592,49.9786933448616,61.3065044866863,54.8700712319269
"islr_credit_balance","random",3,70.5209759642575,56.8670430669593,48.9985713255221,48.210429077091,48.5762196906526,60.8860147722268,51.0870295560945
"islr_credit_balance","random",4,76.6622639594363,71.7836546023658,69.055869389599,71.2142801690254,70.4661667555129,73.0074533387413,71.066106522332
"islr_credit_balance","random",5,67.020374373924,50.9595941052056,49.386606432052,43.351458147139,44.3311150802607,57.0571138336245,47.2805617586401
"islr_credit_balance","random",6,73.1587080476997,62.298017914416,56.9972427033881,46.730562653984,54.0661726744032,65.697961302518,53.4402842277513
"islr_credit_balance","random",7,72.2040837409615,56.9958880415325,58.951158706941,51.9559315948203,52.9941826458521,62.9278727199123,52.0021525397126
"islr_credit_balance","random",8,68.8572256147094,58.2509246662561,56.0098003843491,45.5009004342884,55.7447618285921,60.7467330582063,54.7946503754254
"islr_credit_balance","random",9,69.8709014095164,63.4235051394264,52.771829720886,49.0318224230389,54.4687698233096,55.8856038326229,54.8893809366122
"islr_credit_balance","random",10,71.8576494838787,65.6510006391665,61.0687953343306,60.2725971625299,59.8204272841085,62.8346790173758,59.9676398211451
"islr_credit_balance","random",11,82.0271851559077,67.8313408593327,61.0831806691727,56.2671382603819,53.8235812051202,71.3017501251156,59.853919330501
"islr_credit_balance","random",12,63.0173021383327,55.7562423955326,53.9137223250824,47.9156205034427,55.9784217782942,61.6804499872709,51.9937140003016
"sru_y2_static","blocked",1,0.140245321208163,0.161255886739337,0.0700908547849574,0.0766219379800096,0.147929160302395,0.101799492398185,0.051445165764199
"sru_y2_static","blocked",2,0.0462713494984918,0.0226460352318006,0.0233782368784843,0.0238688405836412,0.024100147210731,0.023552610992737,0.0303606653876785
"sru_y2_static","blocked",3,0.141837368977251,0.399942381422749,0.228442739647957,2.00964363156782,0.417941413305564,0.65836460880967,0.496667856506315
"sru_y2_static","blocked",4,0.0453184780701485,0.0942245896191712,0.0450432113343309,0.0376675261429032,0.0394639473334104,0.094536812870184,0.0431374904872961
"sru_y2_static","blocked",5,0.0320113481046885,0.0333976207832719,0.0343819594391977,0.0325885814173134,0.0334130998073601,0.0330906425063284,0.0332457274690671
"gas_turbine_nox_2015_raw","blocked",1,5.21545067880799,5.59460213451494,6.36346699804466,5.08906975255019,6.89916255967244,5.09588368370099,4.37304220502007
"gas_turbine_nox_2015_raw","blocked",2,2.87519188506637,2.68643179192878,2.73014139756761,2.8891968926455,2.78412786102289,2.73912214220451,2.65755121810901
"gas_turbine_nox_2015_raw","blocked",3,3.76133068798885,3.76465998752231,3.77433413854279,3.78630228652454,3.69549569557962,3.76058871738605,3.81349628716463
"gas_turbine_nox_2015_raw","blocked",4,3.33904836672695,3.04465219217145,3.0488288673478,3.00013096893421,3.00057212721241,2.99254902821596,3.07171985669623
"gas_turbine_nox_2015_raw","blocked",5,5.88168014164817,5.11512576506096,5.41140089234355,4.65199056776061,4.82747062099841,4.92800675014671,4.99958872199119
