"label","depth0","depth1","gamma3","gamma4","tail_ratio","n"
"volve_onbottom",1360.3764,1370.2885,1.19791207087141,1.86346025447335,2.06921181189471,500
"volve_onbottom",1367.0627,1373.4813,-3.83925353082581,23.2167760827254,1.47159699512391,500
"volve_onbottom",1370.3204,1377.1979,-0.678597804492983,2.76896106324677,0.888353257106122,500
"volve_onbottom",1373.4898,1378.4829,-0.453514322163919,10.6270018255607,2.92700644399205,500
"volve_onbottom",1377.2025,1385.9784,-1.1072039601972,6.83420980648378,2.50039247882802,500
"volve_onbottom",1378.4924,1393.182,-0.0116194895604172,-0.491460910414587,0.93829213925605,500
"volve_onbottom",1386.0156,1400.5371,-0.953501121497011,0.135149131690829,1.23377653905717,500
"volve_onbottom",1393.2325,1412.2392,-5.9579247439353,81.6783911587961,2.1902589927788,500
"volve_onbottom",1400.5566,1413.0489,1.18762355106714,5.3832537553561,1.36723575175083,500
"volve_onbottom",1412.2962,1414.0355,2.74542150951734,15.0967023125544,2.96042635293897,500
"volve_onbottom",1413.0489,1426.255,2.15737676548745,3.38254532581245,1.99941816552659,500
"volve_onbottom",1414.136,1436.1694,2.66808092069234,6.71567079427568,2.38569331942818,500
"volve_onbottom",1426.2814,1448.668,-2.10691795172353,5.16817459396752,1.8034743354827,500
"volve_onbottom",1436.1893,1465.2733,-2.09887350579053,8.46909629565754,2.49782506172271,500
"volve_onbottom",1448.7171,1479.6738,-3.3895927771557,11.354461656704,3.23239456699073,500
"volve_onbottom",1465.336,1498.1005,-3.06517257937645,10.0935869883139,2.09459152382041,500
"volve_onbottom",1479.7568,1512.4039,-0.0975970239157088,-0.55390441965438,0.948913016548349,500
"volve_onbottom",1498.1719,1518.9543,-1.74109311470837,3.61066339924966,1.55011748907065,500
"volve_onbottom",1512.4542,1524.866,-1.45029323989168,3.20462097210158,1.99509502410643,500
"volve_onbottom",1518.9695,1528.5204,-1.83579624455255,3.69121618829145,2.44036539298907,500
"volve_onbottom",1524.8962,1529.4025,0.195664040305556,0.574056556233866,1.54250238359187,500
"volve_onbottom",1528.5541,1530.391,-0.121512236739622,3.54361524322701,1.242583034893,500
"volve_onbottom",1529.4035,1543.4515,-1.4012708901282,6.11434525938714,1.5316345169434,500
"volve_onbottom",1530.4047,1559.1656,-1.40013035253126,5.19949304616451,1.75221241687699,500
"volve_onbottom",1543.5188,1578.101,-3.25958953865444,10.713960387221,3.21422817642219,500
"volve_onbottom",1559.2486,1595.9597,-1.35185228843856,2.95101320064855,1.59889525764609,500
"volve_onbottom",1578.1725,1612.4249,-0.378928593828993,-0.801764389651018,0.800157366368899,500
"volve_onbottom",1596.0596,1629.7626,0.762180597842111,5.48481883224184,2.54724862109436,500
"volve_onbottom",1612.4874,1638.6282,-1.11870374669112,1.53455297691216,1.74112361342784,500
"volve_onbottom",1629.8466,1655.1709,-0.76297999609417,0.0136212803048115,1.5316733435621,500
"volve_onbottom",1638.6637,1672.5406,-3.00950324746484,8.19276587794505,6.59002764398462,500
"volve_onbottom",1655.2337,1678.5794,-9.34129274550942,88.2973405018118,6.35061281013252,500
"volve_onbottom",1672.6032,1680.4904,-3.66034126854934,13.6577856110918,2.93506647585353,500
"volve_onbottom",1678.5858,1694.0602,-3.85957312445909,15.1323210874363,2.65181243411857,500
"volve_onbottom",1680.4932,1711.4148,-4.17280061013362,16.075345325766,16.0294119488837,500
"volve_onbottom",1694.1226,1722.3983,5.23233933923087,50.0728576922342,4.11966442084234,500
"volve_onbottom",1711.4983,1730.2735,6.03351830636682,58.9330564626814,2.59509161308516,500
"volve_onbottom",1722.4254,1737.6892,-0.120435071990333,-1.71406417668415,2.39186896637022,500
"volve_onbottom",1730.298,1745.0118,-0.409722957941278,-0.0159976954744789,0.676689627859554,500
"volve_onbottom",1737.7108,1752.1206,-0.47397196571085,0.0675392787268407,0.664922154510672,500
"volve_onbottom",1745.0133,1758.7289,4.28117169730038,20.5921512623346,2.09816391665619,500
"volve_onbottom",1752.1223,1763.3201,0.256222360170302,0.00327790894861568,2.34097305390131,500
"volve_onbottom",1758.7289,1767.923,0.587602617921047,7.35367315843828,12.2534462331107,500
"volve_onbottom",1763.3338,1772.3218,-1.47847801046512,1.2427445928731,1.00129690893587,500
"volve_onbottom",1767.9251,1776.8115,-0.816088484366792,0.209615625002816,1.25540250808336,500
"volve_onbottom",1772.3473,1781.3512,-0.924221782288253,1.48476605040998,4.59158470296234,500
"volve_onbottom",1776.8367,1786.4187,-0.255487311900057,0.401707699206826,1.03775667894,500
"volve_onbottom",1781.3762,1791.3136,-1.19923841622348,1.2826875184825,1.50798255719089,500
"volve_onbottom",1786.4224,1795.7511,-0.127298230639248,-0.807097853081561,0.846692058090417,500
"volve_onbottom",1791.3251,1799.0958,-1.51916576610044,1.83480632783898,1.80882349786065,500
"volve_onbottom",1795.7832,1804.7062,-1.6557758350695,1.84183430596659,1.40427396764901,500
"volve_onbottom",1799.0999,1812.3724,-2.21144102518056,3.71662871311176,15.0748553024176,500
"volve_onbottom",1804.7401,1824.0311,-0.137201737020355,0.266403309720125,0.915252098573504,500
"volve_onbottom",1812.4099,1836.4986,-1.09932502610732,1.43392693983619,1.43367200901475,500
"volve_onbottom",1824.0817,1849.6696,-1.96251831163195,3.28114087847035,7.88830047131142,500
"volve_onbottom",1836.5657,1867.0445,-1.57582960887849,2.52267271045572,1.19170950565837,500
"volve_onbottom",1849.7327,1881.7964,-3.12284405968924,8.25386067478088,7.26060928680898,500
"volve_onbottom",1867.1076,1898.0822,-2.1006850235571,3.44929474144427,5.37654942522275,500
"volve_onbottom",1881.8089,1915.5146,-3.13418209588152,12.2940833336641,17.9371452524698,500
"volve_onbottom",1898.166,1926.8253,-1.31490748150122,3.45233232435825,6.65798991290526,500
"volve_onbottom",1915.5775,1946.6348,-0.79451158481173,1.4846347259474,4.00943923118528,500
"volve_onbottom",1926.9254,1962.5253,-1.61627017988222,1.40693770725699,4.14426662332012,500
"volve_onbottom",1946.7106,1974.3861,-0.602108453224694,-0.74089223272262,0.84630520884163,500
"volve_onbottom",1962.5462,1988.253,0.247669670783756,-0.772055727842284,0.862305182958031,500
"volve_onbottom",1974.3899,2001.7838,-0.494595606297929,-0.181573336425149,0.749524888840105,500
"volve_onbottom",1988.3411,2006.2155,-2.19980223799363,5.01216995825486,6.59093818994654,500
"volve_onbottom",2001.8021,2025.5499,-2.23428159017117,4.87520464835877,2.69723607215069,500
"volve_onbottom",2006.2579,2041.9432,-3.12987463257643,9.45443984048434,4.36698234128629,500
"volve_onbottom",2025.6506,2050.3269,-4.0320045167161,16.3779584038821,4.47944801764221,500
"volve_onbottom",2042.0359,2058.8862,-4.28762805962998,18.0158913250524,3.72492673843789,500
"volve_onbottom",2050.3528,2068.9397,-1.78919624919196,6.92391772290669,6.63676066549071,500
"volve_onbottom",2058.9694,2079.419,-2.31022971901084,5.78902357275324,2.94748951258726,500
"volve_onbottom",2069.0151,2087.3877,-3.17674007346971,10.5899601236883,2.92927237040632,500
"volve_onbottom",2079.419,2098.6419,-3.51627238987915,12.5543674599695,3.33220039388593,500
"volve_onbottom",2087.4485,2109.0856,-2.17937135382854,6.57961594453159,1.90543243871178,500
"volve_onbottom",2098.6476,2118.0982,-1.91821725749477,3.49197524158713,1.74255497387286,500
"volve_onbottom",2109.113,2126.2132,-1.75624263960046,3.47894758912327,2.11237699283619,500
"volve_onbottom",2118.1101,2131.8575,-2.06623397785186,7.75773382669167,1.39387809985025,500
"volve_onbottom",2126.2394,2141.7756,-4.18431703928447,17.6725259150835,3.21194373893108,500
"volve_onbottom",2131.8987,2162.3749,-1.41601629165941,1.71181744181894,1.12146992452891,500
"volve_onbottom",2141.8498,2176.1656,-0.466194184084463,-0.250728033317284,0.801512772296692,500
"volve_onbottom",2162.3753,2190.3706,-1.11148549865198,6.98122871930393,9.32308034997205,500
"volve_onbottom",2176.2153,2202.7234,-2.44647031095216,5.98437470973584,2.32690201463871,500
"volve_onbottom",2190.4209,2219.0678,-2.38490772311847,6.03054558148654,1.48002648668983,500
"volve_onbottom",2202.7237,2234.2715,-2.07233452024645,4.07567018605667,3.86441032494506,500
"volve_onbottom",2219.1306,2248.1042,-0.706580936126748,-0.782930046836454,0.963147222847181,500
"volve_onbottom",2234.3182,2263.6334,-0.79192009608641,0.803093692020803,3.43961134272394,500
"volve_onbottom",2248.1536,2277.9474,-2.80791675691221,7.48262887321586,3.68948835294597,500
"volve_onbottom",2263.6826,2287.5788,-1.36440224859337,1.52312029338908,1.14206663986591,500
"volve_onbottom",2277.9978,2300.816,-1.23259827760897,0.568811990017973,2.54133728465649,500
"volve_onbottom",2287.6283,2312.4555,-2.89138202740756,8.61403441660547,4.57349817753566,500
"volve_onbottom",2300.8368,2324.1455,-1.72155766442776,5.15834307636116,3.02549491522744,500
"volve_onbottom",2312.506,2334.519,-0.110960358663775,0.343048754551887,1.03249016374061,500
"volve_onbottom",2324.1955,2349.0452,-1.24594968434055,2.6220968946433,1.33339115114585,500
"volve_onbottom",2334.5544,2363.6965,-3.91488128228713,14.8136449377587,5.45522425132147,500
"volve_onbottom",2349.1207,2381.4712,-3.2286439324323,9.90523384472131,4.20936030829688,500
"volve_onbottom",2363.7715,2401.2641,-2.40684506113836,6.16615343085818,2.90540142645867,500
"volve_onbottom",2381.5457,2412.5612,-0.607628668203928,0.457693628667379,0.971655698555058,500
"volve_onbottom",2401.2891,2433.2943,-0.643171750023672,0.136787070917539,0.947449403068025,500
"volve_onbottom",2412.6358,2449.5465,-2.35019702040228,4.85724804147318,2.674702877399,500
"volve_onbottom",2433.3701,2469.7413,-2.00095850163045,4.47516412179907,2.33960375998533,500
"volve_onbottom",2449.621,2485.6726,-2.79761809973809,9.91368592577217,2.96717540432002,500
"volve_onbottom",2469.8146,2499.1311,-1.39674959193157,1.45757699958344,1.91051499435716,500
"volve_onbottom",2485.69,2503.5724,-1.49468449675935,2.52195320078308,2.89849134486142,500
"volve_onbottom",2499.1591,2508.5811,-3.24756296957303,13.9564205146141,1.9902796897118,500
"volve_onbottom",2503.5781,2513.424,-2.13606018764595,10.9539502276526,2.44298918801057,500
"volve_onbottom",2508.5853,2518.7874,6.70416739885034,135.60763499191,1.99982974944464,500
"volve_onbottom",2513.4311,2523.975,13.8045307303965,260.93879465425,1.34361977687597,500
"volve_onbottom",2518.8508,2528.2675,-0.134043659936727,8.05761967540089,1.81566529101823,500
"volve_onbottom",2524.011,2534.2269,0.857271150402165,3.01556806674254,4.03012708380085,500
