"band","method","trmse_med","g3","g4"
"heavy_skew_2000_2080","LSE",0.0591230352776398,-4.82513334944026,26.2313015153555
"heavy_skew_2000_2080","Huber",0.0147615485288891,-4.82513334944026,26.2313015153555
"heavy_skew_2000_2080","L1",0.0155571139383786,-4.82513334944026,26.2313015153555
"heavy_skew_2000_2080","PMM2",0.0536062366556749,-4.82513334944026,26.2313015153555
"heavy_skew_2000_2080","WPMM2",0.0176763239986318,-4.82513334944026,26.2313015153555
"heavy_skew_2000_2080","WPMM3",0.0170600808247621,-4.82513334944026,26.2313015153555
"heavy_skew_2000_2080","auto-weak",0.0176763239986318,-4.82513334944026,26.2313015153555
"heavy_skew_1740_1820","LSE",0.141192395700105,0.854978520069946,3.94012726912659
"heavy_skew_1740_1820","Huber",0.124350031441308,0.854978520069946,3.94012726912659
"heavy_skew_1740_1820","L1",0.128133459739143,0.854978520069946,3.94012726912659
"heavy_skew_1740_1820","PMM2",0.14031661640166,0.854978520069946,3.94012726912659
"heavy_skew_1740_1820","WPMM2",0.130467357534402,0.854978520069946,3.94012726912659
"heavy_skew_1740_1820","WPMM3",0.130586482861209,0.854978520069946,3.94012726912659
"heavy_skew_1740_1820","auto-weak",0.14031661640166,0.854978520069946,3.94012726912659
"heavy_skew_2110_2200","LSE",0.14695799360442,-0.6893884066908,1.09023362737689
"heavy_skew_2110_2200","Huber",0.139706662201247,-0.6893884066908,1.09023362737689
"heavy_skew_2110_2200","L1",0.138098949437099,-0.6893884066908,1.09023362737689
"heavy_skew_2110_2200","PMM2",0.149527718375499,-0.6893884066908,1.09023362737689
"heavy_skew_2110_2200","WPMM2",0.147947517030032,-0.6893884066908,1.09023362737689
"heavy_skew_2110_2200","WPMM3",0.136626079068315,-0.6893884066908,1.09023362737689
"heavy_skew_2110_2200","auto-weak",0.147652878354143,-0.6893884066908,1.09023362737689
"mild_1360_1480","LSE",0.731910198336762,2.17497485120203,4.03028403637376
"mild_1360_1480","Huber",0.332455795523188,2.17497485120203,4.03028403637376
"mild_1360_1480","L1",0.33265999794694,2.17497485120203,4.03028403637376
"mild_1360_1480","PMM2",0.466665106778052,2.17497485120203,4.03028403637376
"mild_1360_1480","WPMM2",0.352195253501235,2.17497485120203,4.03028403637376
"mild_1360_1480","WPMM3",0.317979099554067,2.17497485120203,4.03028403637376
"mild_1360_1480","auto-weak",0.466665106778052,2.17497485120203,4.03028403637376
