"split_id","weak_trmse","weak_mae","robust_trmse","robust_mae","tree_trmse","tree_mae","dataset","protocol","weak_method","robust_method","tree_method","weak_vs_robust_stat_pct","weak_vs_tree_pct"
1,0.00172336259631574,0.00452228451633893,0.00331597995981041,0.00789675924572653,0.00323765893882595,0.00864799646803332,"sru_y1_dynamic","blocked","WPMM2","Huber","rf",-48.0285581576834,-46.7713360524419
2,0.000590796470714,0.00124800543798937,0.000588315018781773,0.00128153603361423,0.00141115408477165,0.00189952632798444,"sru_y1_dynamic","blocked","WPMM2","Huber","rf",0.421789662512007,-58.1338085550308
3,0.00332916222272054,0.00688239097796579,0.00463297161732216,0.00901635038567745,0.00690713298331685,0.0168629353032666,"sru_y1_dynamic","blocked","WPMM2","Huber","rf",-28.1419680994121,-51.8010985055357
4,0.00166122580814519,0.00367158922066676,0.00175838038674777,0.00370673792082451,0.00380874606840225,0.00563057289623887,"sru_y1_dynamic","blocked","WPMM2","Huber","rf",-5.52523102138743,-56.3839180058001
5,0.00199574296062581,0.00281351301917984,0.00204099104723984,0.00292738524522045,0.00263456244470131,0.00413124697815556,"sru_y1_dynamic","blocked","WPMM2","Huber","rf",-2.21696644261238,-24.247650131061
1,0.454154432177761,0.52695071626769,0.681531551269458,0.780164392850121,0.368078556681746,0.437899542722222,"gas_turbine_co_2015_raw","blocked","WPMM3","Huber","extra",-33.3626695151783,23.3851915395438
2,0.572157984345843,0.68787700957606,0.587422719790197,0.71367000228318,0.510114317971857,0.625690576888889,"gas_turbine_co_2015_raw","blocked","WPMM3","Huber","extra",-2.59859466276788,12.1626984752482
3,0.762180014669041,0.90196846914181,0.781119877420647,0.922932042411593,0.756291795621946,0.932207875888889,"gas_turbine_co_2015_raw","blocked","WPMM3","Huber","extra",-2.42470628377143,0.778564448428587
4,0.777989400477207,0.840874593872845,0.788342523658419,0.854365969502924,0.791676782512786,0.844982378777778,"gas_turbine_co_2015_raw","blocked","WPMM3","Huber","extra",-1.31327727104796,-1.72891037578935
5,0.612452662072302,0.653249965133169,0.650338165061835,0.677228684874129,0.526174573496839,0.579159772333333,"gas_turbine_co_2015_raw","blocked","WPMM3","Huber","extra",-5.82550817787708,16.397236377668
1,3.09640671567322,3.66331463415842,3.70377755025706,6.39188671385085,2.25417944843444,2.56966785000001,"gas_turbine_nox_2015_raw","blocked","auto-weak","ridge-LSE","extra",-16.3986855674333,37.3629201447881
2,2.92650288807999,3.47481571097956,3.01981376069461,3.35470740105104,2.19376610222518,2.54180405555556,"gas_turbine_nox_2015_raw","blocked","auto-weak","ridge-LSE","extra",-3.08995454716905,33.400861883661
3,3.54388918713631,3.66741890067696,3.80227397634069,4.0474687558719,2.71548424750282,3.10183885,"gas_turbine_nox_2015_raw","blocked","auto-weak","ridge-LSE","extra",-6.79553316810298,30.5067112945064
4,3.1494544629684,3.42330582543066,3.28354144984276,3.35190794015569,2.23740308128229,2.31819818333334,"gas_turbine_nox_2015_raw","blocked","auto-weak","ridge-LSE","extra",-4.08360877797906,40.7638386357903
5,5.07331891505401,5.19611694100511,5.79402684868101,5.79327307374173,4.46718475812074,4.44944486666666,"gas_turbine_nox_2015_raw","blocked","auto-weak","ridge-LSE","extra",-12.4388090088168,13.5685938628664
1,62.8275525484471,101.440633567448,71.6637977595592,89.658510817009,43.3059123497525,52.7495,"islr_credit_balance","random","WPMM2","L1","extra",-12.3301380716087,45.0784642083778
2,52.5332427860471,74.0505411822679,70.6768888207414,82.8614452972887,54.335919369269,56.1885333333333,"islr_credit_balance","random","WPMM2","L1","extra",-25.6712573762439,-3.31765175623673
3,89.1644948069448,101.422158150059,72.2666535881193,86.1706316277187,50.9801773313975,58.8903,"islr_credit_balance","random","WPMM2","L1","extra",23.3826258444649,74.9003229771631
4,92.2789442812365,98.7570213059253,99.107050924455,104.133753659127,74.2211586675297,78.3821666666667,"islr_credit_balance","random","WPMM2","L1","extra",-6.8896275083629,24.3297005030545
5,50.154272669584,70.6864964963193,53.2981347545658,75.3466134138274,48.2038135356811,53.9653666666667,"islr_credit_balance","random","WPMM2","L1","extra",-5.89863435082496,4.0462755762241
6,41.605787266658,66.0070144469613,44.1852853366962,63.2304278604793,44.5004993618812,51.8890666666667,"islr_credit_balance","random","WPMM2","L1","extra",-5.83791198898496,-6.50489800503857
7,55.8406576186401,79.2786041658975,57.845330248569,78.4727939817861,48.6444891578902,52.4590666666667,"islr_credit_balance","random","WPMM2","L1","extra",-3.46557383511262,14.7933889024768
8,47.7619055664911,75.184311643427,48.1521313519677,63.94674727642,56.7537946444395,62.0708333333333,"islr_credit_balance","random","WPMM2","L1","extra",-0.810401896074431,-15.8436790601972
9,60.1609118152482,74.5396916544962,46.3830545716208,57.7446644819563,58.965339152404,64.4791333333333,"islr_credit_balance","random","WPMM2","L1","extra",29.7045060332385,2.02758549349493
10,82.5239172435764,88.034199542386,82.1174066147761,96.8924683495648,52.5305143984234,53.2177666666667,"islr_credit_balance","random","WPMM2","L1","extra",0.495035882839434,57.0971047754546
11,62.4172089182143,93.2469042771272,64.4788703273674,78.319213082126,58.9846526460721,64.2477,"islr_credit_balance","random","WPMM2","L1","extra",-3.19742172697162,5.819405757526
12,43.9653833712011,61.662387441534,44.144911090367,63.6227077467871,48.9297195393304,50.9688666666667,"islr_credit_balance","random","WPMM2","L1","extra",-0.406678175879438,-10.1458504460442
13,52.9300541575982,61.9599081006754,52.5712863168191,60.8573738439721,48.8300848647761,49.9391,"islr_credit_balance","random","WPMM2","L1","extra",0.682440674205687,8.39640009673555
14,67.0976905866516,87.8017329808605,65.5265954491107,82.4321453657013,57.5455435468183,69.8619,"islr_credit_balance","random","WPMM2","L1","extra",2.39764499707762,16.5992819792583
15,46.4567773964171,77.8393609193261,47.6715661004731,73.943438164417,41.2233531216541,46.3224666666667,"islr_credit_balance","random","WPMM2","L1","extra",-2.54824584847012,12.6952901170329
16,85.5333497878238,105.094514267151,75.7957672321966,103.228823735226,55.4538764210714,64.5373666666667,"islr_credit_balance","random","WPMM2","L1","extra",12.8471323811481,54.2423276929344
17,45.5977580989222,70.4686874237211,46.7202251954065,69.2991216533222,62.7884984818473,65.3906666666667,"islr_credit_balance","random","WPMM2","L1","extra",-2.40252929387562,-27.3788047151583
18,83.5532323287466,95.3407860785634,47.6925025379527,75.6086444827384,52.8121732693524,59.5852666666667,"islr_credit_balance","random","WPMM2","L1","extra",75.191545594104,58.2082825916078
19,49.1434809410204,78.5599549039118,60.3245813528755,76.7527899907866,55.504557119102,60.6655333333333,"islr_credit_balance","random","WPMM2","L1","extra",-18.5348993082107,-11.4604574979888
20,42.82707943707,57.6280488505096,43.0794309479617,61.0970822504625,34.0757235224763,39.8424,"islr_credit_balance","random","WPMM2","L1","extra",-0.585781904121552,25.6820839294029
21,40.6937029171812,54.8066367988763,52.0700215080581,66.8686475709141,43.2767824290047,49.3234333333333,"islr_credit_balance","random","WPMM2","L1","extra",-21.8481157898434,-5.96874205253359
22,42.3803227719063,74.6691524497127,52.3690540016673,72.2926646248937,49.2648521767801,59.0691666666667,"islr_credit_balance","random","WPMM2","L1","extra",-19.0737285982729,-13.9745256520199
23,57.6805789964096,84.9067769611948,58.9887436917492,80.6551255679516,50.4595831823676,53.8819666666667,"islr_credit_balance","random","WPMM2","L1","extra",-2.21765139155281,14.3104547414599
24,90.0118032830596,102.043322628296,107.736002647002,105.787099247423,65.8436238642759,73.3960333333333,"islr_credit_balance","random","WPMM2","L1","extra",-16.4515101066223,36.7054211180748
25,50.7338442340907,67.6887908099478,81.4947414745501,93.2475170711648,58.4309001014589,63.1441666666667,"islr_credit_balance","random","WPMM2","L1","extra",-37.7458676276256,-13.1729202425482
26,49.4025841696412,71.1247495784373,44.4925276890314,59.5957418245712,43.0535470198177,47.0959,"islr_credit_balance","random","WPMM2","L1","extra",11.0356878685952,14.7468387375865
27,46.9045125971987,74.1692504334656,62.5430506119381,73.7250617885438,41.3568051351607,47.6614666666667,"islr_credit_balance","random","WPMM2","L1","extra",-25.004437522199,13.4142553901521
28,45.6085675523806,77.6910872685219,50.3064082940269,79.2250651956371,39.2404565121757,42.1472333333333,"islr_credit_balance","random","WPMM2","L1","extra",-9.33845388879432,16.22843260814
29,70.5257750822072,90.2250837573025,53.6800593248179,75.5023606198389,47.9376889305273,50.5955333333333,"islr_credit_balance","random","WPMM2","L1","extra",31.3817010809469,47.1196811018887
30,50.7586307699269,82.4305909482151,53.2769065724572,78.5454331617437,50.8327828543357,63.2861333333333,"islr_credit_balance","random","WPMM2","L1","extra",-4.7267680586999,-0.145874532624579
1,1.67391792804888,4.76869936431695,1.75095848251034,4.78662666525099,3.35431766291706,6.33847513929064,"insurance_autobi_loss","random","auto-weak","L1","rf",-4.39990754955008,-50.0966188577032
2,1.63062603200097,4.39557486067823,1.82172172606856,4.46619930482367,3.37333737761863,6.78617022066006,"insurance_autobi_loss","random","auto-weak","L1","rf",-10.4898399867027,-51.6613415894946
3,1.40620016231748,4.3608189209366,1.47624438925599,4.37272960711919,2.90847542891848,6.24282939466839,"insurance_autobi_loss","random","auto-weak","L1","rf",-4.74475821539355,-51.6516402945725
4,2.21436509232667,4.80985653002943,1.93356542967423,4.36088284630205,4.24490042031495,7.06658355747474,"insurance_autobi_loss","random","auto-weak","L1","rf",14.5223770731022,-47.834698742771
5,1.41806460684941,3.53324820846554,1.48355882799765,3.54721315550987,3.25381143604353,5.74013107496799,"insurance_autobi_loss","random","auto-weak","L1","rf",-4.41466963845559,-56.418353222899
6,1.54592065941364,4.03079375562569,1.64550237743014,3.88661012745639,3.40193176609157,5.71801853235418,"insurance_autobi_loss","random","auto-weak","L1","rf",-6.05175169494568,-54.5575641809616
7,1.84642832837475,4.4019507062045,1.93573079887241,4.37906785700057,5.79502951358763,7.98297344120982,"insurance_autobi_loss","random","auto-weak","L1","rf",-4.61337240434878,-68.1377234741355
8,1.53432369397986,4.29980426056242,1.59929860867901,4.35615620718225,3.33870604482143,7.21563879618733,"insurance_autobi_loss","random","auto-weak","L1","rf",-4.06271313853128,-54.0443610973268
9,1.69275229960012,4.3183484937123,1.6843651541757,4.3065441767414,3.15404094782294,5.53355284287475,"insurance_autobi_loss","random","auto-weak","L1","rf",0.497941043462435,-46.3306809390495
10,1.70750146177461,3.95302007445082,1.75402375580327,3.85802744582029,3.78094810992158,5.8033051756076,"insurance_autobi_loss","random","auto-weak","L1","rf",-2.65231835513852,-54.8393309790749
11,1.88679589953194,5.60847600841784,1.95873497283137,5.62634266562166,3.37054036838352,7.04327511031567,"insurance_autobi_loss","random","auto-weak","L1","rf",-3.67273134432482,-44.0209671650711
12,1.5276942565285,2.71392545069361,1.63832076999271,2.72817370545423,3.02542975382868,5.13037242641302,"insurance_autobi_loss","random","auto-weak","L1","rf",-6.7524330699111,-49.5048842368525
13,1.6577941773041,5.22200659623626,1.80557328635064,5.25814040970394,3.8791992689623,7.27856894537522,"insurance_autobi_loss","random","auto-weak","L1","rf",-8.18460874248012,-57.26452645606
14,1.51204699782822,3.866010539417,1.70237021064225,4.10189584415115,4.01613009199838,7.2668404921959,"insurance_autobi_loss","random","auto-weak","L1","rf",-11.1798956316457,-62.3506469364432
15,2.28114157119049,7.51414206292594,2.42218451167271,7.54603050430692,3.14966955563685,8.07785558962592,"insurance_autobi_loss","random","auto-weak","L1","rf",-5.8229643448929,-27.5752096880128
16,1.75328652727715,5.3604059248588,1.71803020606593,4.85936973789478,4.3771553350523,8.12567046048405,"insurance_autobi_loss","random","auto-weak","L1","rf",2.05213628297913,-59.944612583501
17,1.65374563327809,4.02517722083313,1.51553067752098,2.92032433865388,3.41551404140444,5.89201071272108,"insurance_autobi_loss","random","auto-weak","L1","rf",9.11990484964609,-51.5813545712118
18,1.67014297903065,3.65236548834295,1.85966204635926,4.03323003640801,4.39501090987405,6.23108165117498,"insurance_autobi_loss","random","auto-weak","L1","rf",-10.1910488359775,-61.9991164236152
19,1.4847054613126,3.82407568070141,1.48641843073464,3.74980785713304,3.66074078029499,6.05982745620918,"insurance_autobi_loss","random","auto-weak","L1","rf",-0.115241400847899,-59.4424858131321
20,1.60070641414367,4.49662078357389,1.65052442920296,4.3784721500434,2.80674238524911,5.51675409698461,"insurance_autobi_loss","random","auto-weak","L1","rf",-3.01831431136994,-42.9692435416869
21,1.58604966444669,3.17776973029868,1.53649947291815,2.99004095636243,3.69538270068468,6.37965981321442,"insurance_autobi_loss","random","auto-weak","L1","rf",3.22487527017716,-57.0802324708391
22,1.60100290318669,3.59540264819126,1.69542894088021,3.64067989587267,3.08015313508737,6.85253004094945,"insurance_autobi_loss","random","auto-weak","L1","rf",-5.56944826272089,-48.0219705653928
23,1.91761642892925,4.68031013608718,2.05731881861767,4.70730297926709,3.96116639816722,7.00295065289624,"insurance_autobi_loss","random","auto-weak","L1","rf",-6.79050754915503,-51.5896017441603
24,1.68005040752006,3.48388384575595,1.67978102433454,3.45490702312362,3.16081693833333,6.12556442008493,"insurance_autobi_loss","random","auto-weak","L1","rf",0.0160368037034342,-46.8475890791089
25,2.0225879280268,4.97457112318084,2.16650727304223,5.06661031434702,3.68900021312377,6.64847800187399,"insurance_autobi_loss","random","auto-weak","L1","rf",-6.64292000337192,-45.1724637794447
26,1.47082872516337,3.04302970508612,1.49686313977678,2.99284332338408,3.39114130633351,5.4278723294401,"insurance_autobi_loss","random","auto-weak","L1","rf",-1.73926486140158,-56.6273241868053
27,1.52080606238398,3.21689929190356,1.62697146703861,3.22694896523494,3.40701360148995,6.95789752764724,"insurance_autobi_loss","random","auto-weak","L1","rf",-6.52533906128486,-55.3624892568992
28,1.50482778465353,2.93613186047618,1.5512518950378,2.93488424190885,2.83986420042335,4.6655242036304,"insurance_autobi_loss","random","auto-weak","L1","rf",-2.99268677980494,-47.0105723918348
29,1.63921674008795,5.36758006541897,1.70418875794257,5.36522988187294,3.20283782673904,6.91608329132581,"insurance_autobi_loss","random","auto-weak","L1","rf",-3.81248952334713,-48.8198644838376
30,1.7059762168737,3.31879620678675,1.82878021998902,3.35650278103331,4.46659293595397,6.67219707151539,"insurance_autobi_loss","random","auto-weak","L1","rf",-6.7150771740115,-61.8058721415736
1,696.981721035381,2876.98867240763,713.559366070554,2890.31641631849,1650.87921608382,4288.15842576667,"fremtpl2_severity_raw","random","auto-weak","L1","rf",-2.32323277129177,-57.7811802193048
2,640.247019494997,1619.90173743651,645.555946972294,1598.41610643361,1662.32950909839,3608.57190233333,"fremtpl2_severity_raw","random","auto-weak","L1","rf",-0.822380694066305,-61.4849513293997
3,644.727720825888,4059.10266084568,654.952245208714,4045.61370209152,1709.73818417766,5215.07963373333,"fremtpl2_severity_raw","random","auto-weak","L1","rf",-1.56110990650437,-62.2908509155169
4,677.483326940998,1376.27211252397,682.15479716586,1346.91754927292,1701.50388330443,3151.97837976667,"fremtpl2_severity_raw","random","auto-weak","L1","rf",-0.684810873466035,-60.1832629599832
5,661.730707884582,1917.13527413875,675.775393864168,1950.83529906836,1566.60534870046,4458.28166966667,"fremtpl2_severity_raw","random","auto-weak","L1","rf",-2.07830680239431,-57.7602164812278
6,719.536899148497,1998.21511545553,717.167264328645,1973.79018129819,1807.48639208194,3817.62119203333,"fremtpl2_severity_raw","random","auto-weak","L1","rf",0.330415920764349,-60.1912964711339
7,745.475726845142,3093.69068101491,723.080013840985,2951.58349952745,1822.86947283464,4895.4525513,"fremtpl2_severity_raw","random","auto-weak","L1","rf",3.09726621887827,-59.1042727987598
8,779.136161682146,2033.02308456782,779.176107230217,2008.07329359685,1827.71037445068,3780.6505687,"fremtpl2_severity_raw","random","auto-weak","L1","rf",-0.00512663924114864,-57.3709175932037
9,711.836837994901,1484.03025002342,712.93521353253,1456.05005279702,1862.06158322171,4132.84004653334,"fremtpl2_severity_raw","random","auto-weak","L1","rf",-0.154063863978149,-61.7715738078172
10,706.750579076612,3103.13540435548,712.364515391344,3095.05271942711,1752.13780161014,4399.3278165,"fremtpl2_severity_raw","random","auto-weak","L1","rf",-0.788070740953162,-59.6635276958731
11,705.132429208236,2951.26297609853,712.736687822745,2937.74133770138,2035.52599142814,5721.72592663333,"fremtpl2_severity_raw","random","auto-weak","L1","rf",-1.06690994646822,-65.3587115970203
12,712.362862787704,1809.90273450036,715.681880716291,1787.36354493562,1703.36550629087,3472.24360653333,"fremtpl2_severity_raw","random","auto-weak","L1","rf",-0.463756037146712,-58.1790954344911
13,691.638587890813,3891.2930222381,700.200967465476,3877.97365726757,1736.66899783825,5551.48711693333,"fremtpl2_severity_raw","random","auto-weak","L1","rf",-1.22284600743359,-60.1744150006856
14,669.33988508719,3095.90589888295,675.528638929418,3101.0284252336,1765.64373186366,5000.72969196667,"fremtpl2_severity_raw","random","auto-weak","L1","rf",-0.916134932789214,-62.0908865696993
15,656.419232042076,1579.54509046,666.034902083018,1578.28903396017,1827.68849705333,4328.2354861,"fremtpl2_severity_raw","random","auto-weak","L1","rf",-1.44371864160107,-64.0847314462842
16,643.823020453279,2025.23023040028,654.234363054024,2004.69124132639,1750.48516776899,4259.11366546667,"fremtpl2_severity_raw","random","auto-weak","L1","rf",-1.59137813430403,-63.2203098713576
17,683.198092440583,4246.41555664755,685.080088582894,4221.21365379833,1809.43084454935,5934.93534493333,"fremtpl2_severity_raw","random","auto-weak","L1","rf",-0.274711843720921,-62.2423761317754
18,685.00248939284,3306.78615812262,688.780510863967,3280.83176730466,1661.81365245227,4488.69018306667,"fremtpl2_severity_raw","random","auto-weak","L1","rf",-0.548508764626365,-58.7798253804203
19,693.701985720745,3187.04197371584,694.038361034191,3163.71635284994,1860.4448602253,5383.906019,"fremtpl2_severity_raw","random","auto-weak","L1","rf",-0.0484663863456691,-62.7131123017138
20,624.613940372517,2558.91991777131,637.232126222067,2542.99375829148,1854.92712462082,4155.16887273333,"fremtpl2_severity_raw","random","auto-weak","L1","rf",-1.98015532022199,-66.3267665838786
21,743.78210398869,3210.75709774505,738.287103722869,3181.2703617337,2023.50008945314,5641.6795483,"fremtpl2_severity_raw","random","auto-weak","L1","rf",0.744290430932892,-63.2427936195594
22,683.665318781262,1636.35923603226,682.218415023579,1611.43184138743,1798.3438575589,4761.65274333333,"fremtpl2_severity_raw","random","auto-weak","L1","rf",0.21208805359394,-61.9836153187477
23,684.680848664143,2333.36838458252,692.913990502337,2314.36074756123,1677.87679849272,3947.63414173333,"fremtpl2_severity_raw","random","auto-weak","L1","rf",-1.18819102385641,-59.1936160462313
24,677.730585842888,2866.11388892538,682.670841352071,2846.86623350964,1973.83106585542,4626.01132256667,"fremtpl2_severity_raw","random","auto-weak","L1","rf",-0.723665815197039,-65.6642051304844
25,686.27002101391,1803.23184636114,692.480082791252,1773.41104212011,1755.84890093466,4075.72856783334,"fremtpl2_severity_raw","random","auto-weak","L1","rf",-0.896785616174045,-60.915200581975
26,732.393102651732,3050.0701273925,742.785609874957,3035.3944458662,1626.14295732857,4278.52599676667,"fremtpl2_severity_raw","random","auto-weak","L1","rf",-1.39912608497822,-54.9613335438289
27,648.410266487322,1614.99815077625,653.847653846525,1596.18202242701,1817.41170455723,4507.16905463334,"fremtpl2_severity_raw","random","auto-weak","L1","rf",-0.831598511857512,-64.3223236176257
28,654.666842324223,3005.76506272663,661.734931731326,2984.48514158067,1707.38920677197,4832.1011572,"fremtpl2_severity_raw","random","auto-weak","L1","rf",-1.06811490041948,-61.6568477926628
29,620.530360095383,1545.53469795741,636.631260574866,1527.84181925903,1713.08958867109,3250.340182,"fremtpl2_severity_raw","random","auto-weak","L1","rf",-2.52907789431267,-63.7771215119722
30,659.77894700665,2292.95832804375,665.779088443192,2263.84364369731,1523.38540544012,3371.91198626667,"fremtpl2_severity_raw","random","auto-weak","L1","rf",-0.901221071778069,-56.6899522175721
1,0.299944360546255,0.360221416540063,0.0435719029951772,0.421915240961408,0.0699234589116279,0.0711813337149059,"sru_y2_static","blocked","WPMM3","LSE","extra",588.389397588291,328.96098850793
2,0.0242883142072424,0.0258838587490597,0.0285611841553881,0.0291306908670962,0.0392808090557446,0.0398496364622556,"sru_y2_static","blocked","WPMM3","LSE","extra",-14.9604089413765,-38.167479766585
3,0.0374183035013657,0.0517910483733737,0.0382796060698331,0.0577798817697901,0.0397756253033978,0.0447391645575834,"sru_y2_static","blocked","WPMM3","LSE","extra",-2.25002986419488,-5.92654869420921
4,0.033636094642809,0.0375625812683168,0.0335670924476909,0.0377239308790443,0.0396165729508202,0.0444773656519278,"sru_y2_static","blocked","WPMM3","LSE","extra",0.205565004552088,-15.0959001815612
5,0.0324146427966213,0.0384628328084606,0.0309790150985147,0.0365916180773969,0.064349865479886,0.0645821603309667,"sru_y2_static","blocked","WPMM3","LSE","extra",4.63419412638277,-49.6274894206993
1,6.52471608640654,6.44795919348199,6.39453720703793,6.44788682585416,2.95290846177302,3.00032478401572,"concrete","random","WPMM3","L1","hgb",2.03578265562883,120.958968788653
2,5.88101795852348,6.03419851474448,6.12207853917787,6.23688485269337,2.75286885413392,2.93590208218874,"concrete","random","WPMM3","L1","hgb",-3.93756106054075,113.632333036573
3,6.52465675085708,6.60586069583153,6.1922893931289,6.53336617567733,2.97396965177712,3.15896916946397,"concrete","random","WPMM3","L1","hgb",5.36743902985191,119.392176613444
4,6.4620811665409,6.54296120020706,6.37380152824169,6.47059940056525,2.62505011586283,2.77915334232213,"concrete","random","WPMM3","L1","hgb",1.38503902118776,146.169820815664
5,6.57207256887435,6.74855027741865,6.73228195224012,6.82119636975922,2.66495039081943,2.94367000158672,"concrete","random","WPMM3","L1","hgb",-2.3797188605932,146.611441305425
6,6.66393462246138,6.74740790019028,6.26510752490674,6.35049993521859,2.9800439167704,3.14405648065885,"concrete","random","WPMM3","L1","hgb",6.36584601252437,123.618671690025
7,6.42477991094211,6.55467022212131,6.05692845055164,6.24914146956086,2.63638339858665,2.80143571000675,"concrete","random","WPMM3","L1","hgb",6.07323436942644,143.696721591647
8,7.30068558661128,7.23352336695958,6.72701130380629,6.82476275055729,2.74139200442516,3.03718624037934,"concrete","random","WPMM3","L1","hgb",8.52792208748618,166.313083821157
9,6.44041058547016,6.70343828111004,6.21805755781868,6.5188125577957,2.71399528115906,3.01822142223631,"concrete","random","WPMM3","L1","hgb",3.57592424296378,137.303676619499
10,7.46124602504554,7.52786236561801,6.6739743749223,6.84407044495382,2.56744470726193,2.75214695332544,"concrete","random","WPMM3","L1","hgb",11.7961443346478,190.609803745399
11,6.64223758618894,6.67872716051467,6.22408407881032,6.2879348136938,2.93280390084834,3.30176855477404,"concrete","random","WPMM3","L1","hgb",6.71831392513171,126.480794855313
12,6.29361490393886,6.42944179857133,6.00357984584572,6.19854144333493,2.55943064968752,2.94638496866348,"concrete","random","WPMM3","L1","hgb",4.83103524131248,145.899020733663
13,6.17728891760302,6.23663817993865,6.55749916275731,6.80649858811062,2.86618173013816,3.15869835072431,"concrete","random","WPMM3","L1","hgb",-5.7980982645588,115.523281467057
14,6.35200155003526,6.55580350881683,7.55628004888666,7.60408833721099,2.74933349693533,2.87929249321555,"concrete","random","WPMM3","L1","hgb",-15.9374519083479,131.037869982518
15,6.17991687011521,6.29871359300954,6.03761248360499,6.07190715463148,2.86742458762473,3.08438198503034,"concrete","random","WPMM3","L1","hgb",2.35696456002508,115.521513513785
16,6.44837833066352,6.669441278915,6.33922865508872,6.52098871753838,2.93439989543008,3.34154337366999,"concrete","random","WPMM3","L1","hgb",1.72181319705484,119.751177769124
17,6.74027891176425,6.90188862140335,6.46810396358675,6.3990081373678,2.76707947153656,3.04477968653868,"concrete","random","WPMM3","L1","hgb",4.2079556808263,143.5881940182
18,6.4636476117447,6.5799332232402,6.35563016651976,6.4887945088773,2.84857935408719,2.89044290314952,"concrete","random","WPMM3","L1","hgb",1.69955523519847,126.9077602655
19,6.04673046828512,6.24103715195406,6.33558704230159,6.40266875253173,2.6129336199623,3.02415522627259,"concrete","random","WPMM3","L1","hgb",-4.55927086294965,131.415387749971
20,6.9834440088929,7.17782544675505,6.56487644359564,6.63888556044528,2.73686389319093,3.03110653941514,"concrete","random","WPMM3","L1","hgb",6.37586356565161,155.162268984843
21,6.75343249279287,6.96943863754853,6.3161883439568,6.38483223794427,2.68321107181112,3.06411080169009,"concrete","random","WPMM3","L1","hgb",6.92259516381293,151.69218194357
22,6.77625886243187,6.79690266452447,6.8243924234592,7.04326651576346,2.93319922424945,3.1040866415181,"concrete","random","WPMM3","L1","hgb",-0.705316430249059,131.019386832334
23,6.98746723687526,7.14797068275109,7.09924804708755,7.09561424726972,2.9243007277584,3.04703664977895,"concrete","random","WPMM3","L1","hgb",-1.57454436682414,138.944892724198
24,6.53416114685013,6.59712728107456,6.44591387946585,6.52621897508478,2.59856197563463,2.9134619021848,"concrete","random","WPMM3","L1","hgb",1.36904198589127,151.452965452337
25,6.72638267259907,6.87355026002687,7.79828108309877,7.96629258725306,2.59239321237142,2.76559342817989,"concrete","random","WPMM3","L1","hgb",-13.7453164239338,159.466142732492
26,6.8014783061321,6.86264168546417,6.27852945466726,6.45987406348834,2.55803507894936,2.75243802910864,"concrete","random","WPMM3","L1","hgb",8.32916139425126,165.886827045609
27,6.68977312687444,6.7040246807821,6.65450875617306,6.70529073654686,2.6390763304221,2.88502421918801,"concrete","random","WPMM3","L1","hgb",0.529931990376697,153.489186718766
28,6.70374876741128,6.7419167525364,6.64439008077234,6.67267608666987,2.52890878603736,2.86396541502777,"concrete","random","WPMM3","L1","hgb",0.89336546947647,165.084640633308
29,7.0424984954698,7.08702150465066,6.05219498037067,6.22005147176947,2.73201394690921,2.87665944255542,"concrete","random","WPMM3","L1","hgb",16.3627166393518,157.776813454307
30,6.21610181478619,6.34075706369008,6.35059910073659,6.32566813750208,2.82005418653092,3.02652898828461,"concrete","random","WPMM3","L1","hgb",-2.11786768172471,120.424906885669
