"well","band","g4","method","trmse_med"
"56-32",1,17.8800656832054,"LSE",0.367650964478633
"56-32",1,17.8800656832054,"Huber",0.305229242283471
"56-32",1,17.8800656832054,"L1",0.304131534738183
"56-32",1,17.8800656832054,"WPMM2",0.30001370119967
"56-32",1,17.8800656832054,"WPMM3",0.296507015580656
"56-32",1,17.8800656832054,"PATP2",0.305326588434998
"56-32",1,17.8800656832054,"PATP3",0.306620427946616
"56-32",1,17.8800656832054,"PATPs3",0.321114536702846
"56-32",2,16.2714795985548,"LSE",0.418479592438537
"56-32",2,16.2714795985548,"Huber",0.373586274952068
"56-32",2,16.2714795985548,"L1",0.369994903481861
"56-32",2,16.2714795985548,"WPMM2",0.371364180825322
"56-32",2,16.2714795985548,"WPMM3",0.368697368706224
"56-32",2,16.2714795985548,"PATP2",0.370147097272016
"56-32",2,16.2714795985548,"PATP3",0.370147097272016
"56-32",2,16.2714795985548,"PATPs3",0.370147097272016
"56-32",3,10.2015917519233,"LSE",0.317116370404811
"56-32",3,10.2015917519233,"Huber",0.274325852164406
"56-32",3,10.2015917519233,"L1",0.268883454083328
"56-32",3,10.2015917519233,"WPMM2",0.268517572885402
"56-32",3,10.2015917519233,"WPMM3",0.268104371537684
"56-32",3,10.2015917519233,"PATP2",0.268954776313005
"56-32",3,10.2015917519233,"PATP3",0.269765342031752
"56-32",3,10.2015917519233,"PATPs3",0.276345616256842
