"band","depth0","method","trmse_med","g3","g4"
1,6525.9,"LSE",0.0695288175449947,-15.2399221583507,314.327104091126
1,6525.9,"Huber",0.0470676382562233,-15.2399221583507,314.327104091126
1,6525.9,"L1",0.0468842489220536,-15.2399221583507,314.327104091126
1,6525.9,"PMM2",0.0605391377116348,-15.2399221583507,314.327104091126
1,6525.9,"WPMM2",0.0464171540476085,-15.2399221583507,314.327104091126
1,6525.9,"WPMM3",0.0462538045618889,-15.2399221583507,314.327104091126
1,6525.9,"auto-weak",0.0464079482227706,-15.2399221583507,314.327104091126
2,6795.8,"LSE",0.0482968294979415,-15.0250536679682,290.330060146504
2,6795.8,"Huber",0.038627871773604,-15.0250536679682,290.330060146504
2,6795.8,"L1",0.0382567466053596,-15.0250536679682,290.330060146504
2,6795.8,"PMM2",0.0412106780736467,-15.0250536679682,290.330060146504
2,6795.8,"WPMM2",0.0377997590595865,-15.0250536679682,290.330060146504
2,6795.8,"WPMM3",0.0379177752032817,-15.0250536679682,290.330060146504
2,6795.8,"auto-weak",0.0379177752032817,-15.0250536679682,290.330060146504
3,6896.7,"LSE",0.0726647570530578,-13.4995785216877,246.366342444997
3,6896.7,"Huber",0.0569271804212442,-13.4995785216877,246.366342444997
3,6896.7,"L1",0.0564229501737376,-13.4995785216877,246.366342444997
3,6896.7,"PMM2",0.0652369679889506,-13.4995785216877,246.366342444997
3,6896.7,"WPMM2",0.0556274569120083,-13.4995785216877,246.366342444997
3,6896.7,"WPMM3",0.0560323768430424,-13.4995785216877,246.366342444997
3,6896.7,"auto-weak",0.0561805507436348,-13.4995785216877,246.366342444997
