"scope","comparison","unit","n_units","weak_win_units","sign_test_p","wilcox_p","median_unit_delta_pct","mean_unit_delta_pct","bootstrap_mean_pct","bootstrap_ci_lo_pct","bootstrap_ci_hi_pct","bootstrap_excludes_zero","unit_values"
"all_claim_rows","weak_vs_robust_stat","dataset",8,6,0.2890625,0.058707408431205,-2.73571422524437,-2.62241379588798,-2.63099615541544,-4.48240271132361,-0.721759588386259,TRUE,"concrete:+1.879;fremtpl2_severity_raw:-0.864;gas_turbine_co_2015_raw:-2.599;gas_turbine_nox_2015_raw:-6.796;insurance_autobi_loss:-4.407;islr_credit_balance:-2.873;sru_y1_dynamic:-5.525;sru_y2_static:+0.206"
"all_claim_rows","weak_vs_robust_stat","domain",5,4,0.375,0.105645429201877,-2.65983300841767,-2.19733462284829,-2.21313954651506,-3.88217155262833,0.0207453965773929,FALSE,"cross_section_control:+1.879;emissions:-4.697;finance:-2.873;insurance:-2.636;soft_sensor:-2.660"
"all_claim_rows","weak_vs_robust_stat","protocol",2,2,0.5,0.371093369522698,-2.96521288397299,-2.96521288397299,-2.95885202421598,-4.06191284207766,-1.86851292586832,TRUE,"blocked:-4.062;random:-1.869"
"all_claim_rows","weak_vs_robust_stat","role",5,3,1,0.41849223344682,-0.864192064015779,-1.58902426907423,-1.57738260776,-4.00203785009441,0.660906759554414,FALSE,"loss_control:+1.879;modest_positive:-3.640;rescue_tie:-0.864;strong_positive:-5.525;tie_control:+0.206"
"non_loss_rows","weak_vs_robust_stat","dataset",7,6,0.125,0.0346105575157073,-2.87283378772087,-3.26544404192081,-3.27301373696729,-4.97064064977506,-1.57218218873788,TRUE,"fremtpl2_severity_raw:-0.864;gas_turbine_co_2015_raw:-2.599;gas_turbine_nox_2015_raw:-6.796;insurance_autobi_loss:-4.407;islr_credit_balance:-2.873;sru_y1_dynamic:-5.525;sru_y2_static:+0.206"
"non_loss_rows","weak_vs_robust_stat","domain",4,4,0.125,0.100348246462291,-2.76633339806927,-3.21636776014582,-3.21466185514272,-4.18775618868099,-2.64778666871349,TRUE,"emissions:-4.697;finance:-2.873;insurance:-2.636;soft_sensor:-2.660"
"non_loss_rows","weak_vs_robust_stat","protocol",2,2,0.5,0.371093369522698,-3.46737331489926,-3.46737331489926,-3.4668382293248,-4.06191284207766,-2.87283378772087,TRUE,"blocked:-4.062;random:-2.873"
"non_loss_rows","weak_vs_robust_stat","role",4,3,0.625,0.201242620957724,-2.25212662743882,-2.45597981792824,-2.47011799827161,-4.58264610612464,-0.329313529731845,TRUE,"modest_positive:-3.640;rescue_tie:-0.864;strong_positive:-5.525;tie_control:+0.206"
"positive_rows","weak_vs_robust_stat","dataset",5,5,0.0625,0.0590582290905367,-4.40728859400283,-4.4398962467964,-4.43712985177604,-5.80976339459673,-3.07002909899607,TRUE,"gas_turbine_co_2015_raw:-2.599;gas_turbine_nox_2015_raw:-6.796;insurance_autobi_loss:-4.407;islr_credit_balance:-2.873;sru_y1_dynamic:-5.525"
"positive_rows","weak_vs_robust_stat","domain",4,4,0.125,0.100348246462291,-4.55217625471913,-4.37560432963664,-4.38317270203051,-5.24574541454128,-3.32889131964951,TRUE,"emissions:-4.697;finance:-2.873;insurance:-4.407;soft_sensor:-5.525"
"positive_rows","weak_vs_robust_stat","protocol",2,2,0.5,0.371093369522698,-4.58264610612464,-4.58264610612464,-4.59584229493832,-5.52523102138743,-3.64006119086185,TRUE,"blocked:-5.525;random:-3.640"
"positive_rows","weak_vs_robust_stat","role",2,2,0.5,0.371093369522698,-4.58264610612464,-4.58264610612464,-4.58603941181959,-5.52523102138743,-3.64006119086185,TRUE,"modest_positive:-3.640;strong_positive:-5.525"
"blocked_rows","weak_vs_robust_stat","dataset",4,3,0.625,0.201242620957724,-4.06191284207766,-3.67844846192655,-3.67983248197068,-6.16038209474521,-1.1965148291079,TRUE,"gas_turbine_co_2015_raw:-2.599;gas_turbine_nox_2015_raw:-6.796;sru_y1_dynamic:-5.525;sru_y2_static:+0.206"
"blocked_rows","weak_vs_robust_stat","domain",2,2,0.5,0.371093369522698,-3.67844846192655,-3.67844846192655,-3.6731516615683,-4.69706391543543,-2.65983300841767,TRUE,"emissions:-4.697;soft_sensor:-2.660"
"blocked_rows","weak_vs_robust_stat","protocol",1,1,1,NA,-4.06191284207766,-4.06191284207766,-4.06191284207766,NA,NA,FALSE,"blocked:-4.062"
"blocked_rows","weak_vs_robust_stat","role",2,1,1,1,-2.65983300841767,-2.65983300841767,-2.66900228205917,-5.52523102138743,0.205565004552088,FALSE,"strong_positive:-5.525;tie_control:+0.206"
"random_rows","weak_vs_robust_stat","dataset",4,3,0.625,0.361310428526179,-1.86851292586832,-1.56637912984941,-1.57007293449344,-3.64006119086185,0.690889997826159,FALSE,"concrete:+1.879;fremtpl2_severity_raw:-0.864;insurance_autobi_loss:-4.407;islr_credit_balance:-2.873"
"random_rows","weak_vs_robust_stat","domain",3,2,1,0.422678074170635,-2.63574032900931,-1.20992539679611,-1.22428205618309,-2.87283378772087,1.87879792634184,FALSE,"cross_section_control:+1.879;finance:-2.873;insurance:-2.636"
"random_rows","weak_vs_robust_stat","protocol",1,1,1,NA,-1.86851292586832,-1.86851292586832,-1.86851292586832,NA,NA,FALSE,"random:-1.869"
"random_rows","weak_vs_robust_stat","role",3,2,1,0.789268026134281,-0.864192064015779,-0.875151776178599,-0.847054284803103,-3.64006119086185,1.87879792634184,FALSE,"loss_control:+1.879;modest_positive:-3.640;rescue_tie:-0.864"
"all_claim_rows","weak_vs_tree","dataset",8,4,1,0.726286148878805,-1.4666008531565,2.47006091169238,2.52001270553492,-35.7963215975677,49.3973113247526,FALSE,"concrete:+141.267;fremtpl2_severity_raw:-61.571;gas_turbine_co_2015_raw:+12.163;gas_turbine_nox_2015_raw:+33.401;insurance_autobi_loss:-51.656;islr_credit_balance:+13.055;sru_y1_dynamic:-51.801;sru_y2_static:-15.096"
"all_claim_rows","weak_vs_tree","domain",5,2,1,1,13.0547727535925,17.4081803418331,17.7028380226548,-33.4484993435484,82.6265821899006,FALSE,"cross_section_control:+141.267;emissions:+22.782;finance:+13.055;insurance:-56.614;soft_sensor:-33.448"
"all_claim_rows","weak_vs_tree","protocol",2,2,0.5,0.371093369522698,-10.3837299736885,-10.3837299736885,-10.2874249791868,-19.3008590942205,-1.4666008531565,TRUE,"blocked:-1.467;random:-19.301"
"all_claim_rows","weak_vs_tree","role",5,3,1,0.787406490666269,-15.0959001815612,11.4923166019268,11.5189863165241,-38.3701718604132,78.7215659500949,FALSE,"loss_control:+141.267;modest_positive:-19.301;rescue_tie:-61.571;strong_positive:+12.163;tie_control:-15.096"
"non_loss_rows","weak_vs_tree","dataset",7,4,1,0.271898710819648,-15.0959001815612,-17.3580080110943,-17.3882722896046,-43.8495434671709,9.34793824563824,FALSE,"fremtpl2_severity_raw:-61.571;gas_turbine_co_2015_raw:+12.163;gas_turbine_nox_2015_raw:+33.401;insurance_autobi_loss:-51.656;islr_credit_balance:+13.055;sru_y1_dynamic:-51.801;sru_y2_static:-15.096"
"non_loss_rows","weak_vs_tree","domain",4,2,1,0.583882420770365,-10.196863294978,-13.5564104155084,-13.4915940365615,-45.0310972975404,17.9182764665236,FALSE,"emissions:+22.782;finance:+13.055;insurance:-56.614;soft_sensor:-33.448"
"non_loss_rows","weak_vs_tree","protocol",2,2,0.5,0.371093369522698,-26.561545897595,-26.561545897595,-26.6895301173217,-51.6564909420335,-1.4666008531565,TRUE,"blocked:-1.467;random:-51.656"
"non_loss_rows","weak_vs_tree","role",4,3,0.625,0.201242620957724,-17.1983796378909,-20.9512400903912,-21.0191186189681,-49.9521497161637,4.29680908288102,FALSE,"modest_positive:-19.301;rescue_tie:-61.571;strong_positive:+12.163;tie_control:-15.096"
"positive_rows","weak_vs_tree","dataset",5,2,1,0.787406490666269,12.1626984752482,-8.96785126701351,-9.04088916239529,-38.9504960839781,21.014793549951,FALSE,"gas_turbine_co_2015_raw:+12.163;gas_turbine_nox_2015_raw:+33.401;insurance_autobi_loss:-51.656;islr_credit_balance:+13.055;sru_y1_dynamic:-51.801"
"positive_rows","weak_vs_tree","domain",4,2,1,0.583882420770365,-19.3008590942205,-16.9052591286305,-17.0215034475264,-51.7287947237846,17.9182764665236,FALSE,"emissions:+22.782;finance:+13.055;insurance:-51.656;soft_sensor:-51.801"
"positive_rows","weak_vs_tree","protocol",2,1,1,1,-3.56908030948616,-3.56908030948616,-3.61784882371884,-19.3008590942205,12.1626984752482,FALSE,"blocked:+12.163;random:-19.301"
"positive_rows","weak_vs_tree","role",2,1,1,1,-3.56908030948616,-3.56908030948616,-3.7625811885384,-19.3008590942205,12.1626984752482,FALSE,"modest_positive:-19.301;strong_positive:+12.163"
"blocked_rows","weak_vs_tree","dataset",4,2,1,0.855132140584706,-1.4666008531565,-5.33335958204692,-5.48709232644918,-35.8101492603397,22.7817801794546,FALSE,"gas_turbine_co_2015_raw:+12.163;gas_turbine_nox_2015_raw:+33.401;sru_y1_dynamic:-51.801;sru_y2_static:-15.096"
"blocked_rows","weak_vs_tree","domain",2,1,1,1,-5.33335958204692,-5.33335958204692,-5.22652205095322,-33.4484993435484,22.7817801794546,FALSE,"emissions:+22.782;soft_sensor:-33.448"
"blocked_rows","weak_vs_tree","protocol",1,1,1,NA,-1.4666008531565,-1.4666008531565,-1.4666008531565,NA,NA,FALSE,"blocked:-1.467"
"blocked_rows","weak_vs_tree","role",2,1,1,1,-1.4666008531565,-1.4666008531565,-1.31667856054404,-15.0959001815612,12.1626984752482,FALSE,"strong_positive:+12.163;tie_control:-15.096"
"random_rows","weak_vs_tree","dataset",4,2,1,1,-19.3008590942205,10.2734814054317,10.1067676594454,-56.6136952515324,93.0357847928909,FALSE,"concrete:+141.267;fremtpl2_severity_raw:-61.571;insurance_autobi_loss:-51.656;islr_credit_balance:+13.055"
"random_rows","weak_vs_tree","domain",3,1,1,0.789268026134281,13.0547727535925,32.569206957753,32.2348592447031,-56.6136952515324,141.266543371199,FALSE,"cross_section_control:+141.267;finance:+13.055;insurance:-56.614"
"random_rows","weak_vs_tree","protocol",1,1,1,NA,-19.3008590942205,-19.3008590942205,-19.3008590942205,NA,NA,FALSE,"random:-19.301"
"random_rows","weak_vs_tree","role",3,2,1,1,-19.3008590942205,20.1315949053157,20.3569763698303,-61.5708995610313,141.266543371199,FALSE,"loss_control:+141.267;modest_positive:-19.301;rescue_tie:-61.571"
