"comparison","omitted_domain","n_dataset_rows","weak_win_rows","median_delta_pct","mean_delta_pct","dataset_rows"
"weak_vs_robust_stat","cross_section_control",7,6,-2.87283378772087,-3.26544404192081,"sru_y1_dynamic;gas_turbine_co_2015_raw;gas_turbine_nox_2015_raw;islr_credit_balance;insurance_autobi_loss;fremtpl2_severity_raw;sru_y2_static"
"weak_vs_robust_stat","emissions",6,4,-1.86851292586832,-1.93086375603883,"sru_y1_dynamic;islr_credit_balance;insurance_autobi_loss;fremtpl2_severity_raw;sru_y2_static;concrete"
"weak_vs_robust_stat","finance",7,5,-2.59859466276788,-2.58663951134043,"sru_y1_dynamic;gas_turbine_co_2015_raw;gas_turbine_nox_2015_raw;insurance_autobi_loss;fremtpl2_severity_raw;sru_y2_static;concrete"
"weak_vs_robust_stat","insurance",6,4,-2.73571422524437,-2.61797161818087,"sru_y1_dynamic;gas_turbine_co_2015_raw;gas_turbine_nox_2015_raw;islr_credit_balance;sru_y2_static;concrete"
"weak_vs_robust_stat","soft_sensor",6,5,-2.73571422524437,-2.60994072504475,"gas_turbine_co_2015_raw;gas_turbine_nox_2015_raw;islr_credit_balance;insurance_autobi_loss;fremtpl2_severity_raw;concrete"
"weak_vs_tree","cross_section_control",7,4,-15.0959001815612,-17.3580080110943,"sru_y1_dynamic;gas_turbine_co_2015_raw;gas_turbine_nox_2015_raw;islr_credit_balance;insurance_autobi_loss;fremtpl2_severity_raw;sru_y2_static"
"weak_vs_tree","emissions",6,4,-33.3761955617974,-4.3005121775617,"sru_y1_dynamic;islr_credit_balance;insurance_autobi_loss;fremtpl2_severity_raw;sru_y2_static;concrete"
"weak_vs_tree","finance",7,4,-15.0959001815612,0.957959219992359,"sru_y1_dynamic;gas_turbine_co_2015_raw;gas_turbine_nox_2015_raw;insurance_autobi_loss;fremtpl2_severity_raw;sru_y2_static;concrete"
"weak_vs_tree","insurance",6,2,12.6087356144204,22.164646299434,"sru_y1_dynamic;gas_turbine_co_2015_raw;gas_turbine_nox_2015_raw;islr_credit_balance;sru_y2_static;concrete"
"weak_vs_tree","soft_sensor",6,2,12.6087356144204,14.442914330106,"gas_turbine_co_2015_raw;gas_turbine_nox_2015_raw;islr_credit_balance;insurance_autobi_loss;fremtpl2_severity_raw;concrete"
