"scope","comparison","unit_type","unit","n_dataset_rows","unit_delta_pct","unit_mean_delta_pct"
"all_claim_rows","weak_vs_robust_stat","dataset","concrete",1,1.87879792634184,1.87879792634184
"all_claim_rows","weak_vs_robust_stat","dataset","fremtpl2_severity_raw",1,-0.864192064015779,-0.864192064015779
"all_claim_rows","weak_vs_robust_stat","dataset","gas_turbine_co_2015_raw",1,-2.59859466276788,-2.59859466276788
"all_claim_rows","weak_vs_robust_stat","dataset","gas_turbine_nox_2015_raw",1,-6.79553316810298,-6.79553316810298
"all_claim_rows","weak_vs_robust_stat","dataset","insurance_autobi_loss",1,-4.40728859400283,-4.40728859400283
"all_claim_rows","weak_vs_robust_stat","dataset","islr_credit_balance",1,-2.87283378772087,-2.87283378772087
"all_claim_rows","weak_vs_robust_stat","dataset","sru_y1_dynamic",1,-5.52523102138743,-5.52523102138743
"all_claim_rows","weak_vs_robust_stat","dataset","sru_y2_static",1,0.205565004552088,0.205565004552088
"all_claim_rows","weak_vs_robust_stat","domain","cross_section_control",1,1.87879792634184,1.87879792634184
"all_claim_rows","weak_vs_robust_stat","domain","emissions",2,-4.69706391543543,-4.69706391543543
"all_claim_rows","weak_vs_robust_stat","domain","finance",1,-2.87283378772087,-2.87283378772087
"all_claim_rows","weak_vs_robust_stat","domain","insurance",2,-2.63574032900931,-2.63574032900931
"all_claim_rows","weak_vs_robust_stat","domain","soft_sensor",2,-2.65983300841767,-2.65983300841767
"all_claim_rows","weak_vs_robust_stat","protocol","blocked",4,-4.06191284207766,-3.67844846192655
"all_claim_rows","weak_vs_robust_stat","protocol","random",4,-1.86851292586832,-1.56637912984941
"all_claim_rows","weak_vs_robust_stat","role","loss_control",1,1.87879792634184,1.87879792634184
"all_claim_rows","weak_vs_robust_stat","role","modest_positive",2,-3.64006119086185,-3.64006119086185
"all_claim_rows","weak_vs_robust_stat","role","rescue_tie",1,-0.864192064015779,-0.864192064015779
"all_claim_rows","weak_vs_robust_stat","role","strong_positive",3,-5.52523102138743,-4.97311961741943
"all_claim_rows","weak_vs_robust_stat","role","tie_control",1,0.205565004552088,0.205565004552088
"non_loss_rows","weak_vs_robust_stat","dataset","fremtpl2_severity_raw",1,-0.864192064015779,-0.864192064015779
"non_loss_rows","weak_vs_robust_stat","dataset","gas_turbine_co_2015_raw",1,-2.59859466276788,-2.59859466276788
"non_loss_rows","weak_vs_robust_stat","dataset","gas_turbine_nox_2015_raw",1,-6.79553316810298,-6.79553316810298
"non_loss_rows","weak_vs_robust_stat","dataset","insurance_autobi_loss",1,-4.40728859400283,-4.40728859400283
"non_loss_rows","weak_vs_robust_stat","dataset","islr_credit_balance",1,-2.87283378772087,-2.87283378772087
"non_loss_rows","weak_vs_robust_stat","dataset","sru_y1_dynamic",1,-5.52523102138743,-5.52523102138743
"non_loss_rows","weak_vs_robust_stat","dataset","sru_y2_static",1,0.205565004552088,0.205565004552088
"non_loss_rows","weak_vs_robust_stat","domain","emissions",2,-4.69706391543543,-4.69706391543543
"non_loss_rows","weak_vs_robust_stat","domain","finance",1,-2.87283378772087,-2.87283378772087
"non_loss_rows","weak_vs_robust_stat","domain","insurance",2,-2.63574032900931,-2.63574032900931
"non_loss_rows","weak_vs_robust_stat","domain","soft_sensor",2,-2.65983300841767,-2.65983300841767
"non_loss_rows","weak_vs_robust_stat","protocol","blocked",4,-4.06191284207766,-3.67844846192655
"non_loss_rows","weak_vs_robust_stat","protocol","random",3,-2.87283378772087,-2.71477148191316
"non_loss_rows","weak_vs_robust_stat","role","modest_positive",2,-3.64006119086185,-3.64006119086185
"non_loss_rows","weak_vs_robust_stat","role","rescue_tie",1,-0.864192064015779,-0.864192064015779
"non_loss_rows","weak_vs_robust_stat","role","strong_positive",3,-5.52523102138743,-4.97311961741943
"non_loss_rows","weak_vs_robust_stat","role","tie_control",1,0.205565004552088,0.205565004552088
"positive_rows","weak_vs_robust_stat","dataset","gas_turbine_co_2015_raw",1,-2.59859466276788,-2.59859466276788
"positive_rows","weak_vs_robust_stat","dataset","gas_turbine_nox_2015_raw",1,-6.79553316810298,-6.79553316810298
"positive_rows","weak_vs_robust_stat","dataset","insurance_autobi_loss",1,-4.40728859400283,-4.40728859400283
"positive_rows","weak_vs_robust_stat","dataset","islr_credit_balance",1,-2.87283378772087,-2.87283378772087
"positive_rows","weak_vs_robust_stat","dataset","sru_y1_dynamic",1,-5.52523102138743,-5.52523102138743
"positive_rows","weak_vs_robust_stat","domain","emissions",2,-4.69706391543543,-4.69706391543543
"positive_rows","weak_vs_robust_stat","domain","finance",1,-2.87283378772087,-2.87283378772087
"positive_rows","weak_vs_robust_stat","domain","insurance",1,-4.40728859400283,-4.40728859400283
"positive_rows","weak_vs_robust_stat","domain","soft_sensor",1,-5.52523102138743,-5.52523102138743
"positive_rows","weak_vs_robust_stat","protocol","blocked",3,-5.52523102138743,-4.97311961741943
"positive_rows","weak_vs_robust_stat","protocol","random",2,-3.64006119086185,-3.64006119086185
"positive_rows","weak_vs_robust_stat","role","modest_positive",2,-3.64006119086185,-3.64006119086185
"positive_rows","weak_vs_robust_stat","role","strong_positive",3,-5.52523102138743,-4.97311961741943
"blocked_rows","weak_vs_robust_stat","dataset","gas_turbine_co_2015_raw",1,-2.59859466276788,-2.59859466276788
"blocked_rows","weak_vs_robust_stat","dataset","gas_turbine_nox_2015_raw",1,-6.79553316810298,-6.79553316810298
"blocked_rows","weak_vs_robust_stat","dataset","sru_y1_dynamic",1,-5.52523102138743,-5.52523102138743
"blocked_rows","weak_vs_robust_stat","dataset","sru_y2_static",1,0.205565004552088,0.205565004552088
"blocked_rows","weak_vs_robust_stat","domain","emissions",2,-4.69706391543543,-4.69706391543543
"blocked_rows","weak_vs_robust_stat","domain","soft_sensor",2,-2.65983300841767,-2.65983300841767
"blocked_rows","weak_vs_robust_stat","protocol","blocked",4,-4.06191284207766,-3.67844846192655
"blocked_rows","weak_vs_robust_stat","role","strong_positive",3,-5.52523102138743,-4.97311961741943
"blocked_rows","weak_vs_robust_stat","role","tie_control",1,0.205565004552088,0.205565004552088
"random_rows","weak_vs_robust_stat","dataset","concrete",1,1.87879792634184,1.87879792634184
"random_rows","weak_vs_robust_stat","dataset","fremtpl2_severity_raw",1,-0.864192064015779,-0.864192064015779
"random_rows","weak_vs_robust_stat","dataset","insurance_autobi_loss",1,-4.40728859400283,-4.40728859400283
"random_rows","weak_vs_robust_stat","dataset","islr_credit_balance",1,-2.87283378772087,-2.87283378772087
"random_rows","weak_vs_robust_stat","domain","cross_section_control",1,1.87879792634184,1.87879792634184
"random_rows","weak_vs_robust_stat","domain","finance",1,-2.87283378772087,-2.87283378772087
"random_rows","weak_vs_robust_stat","domain","insurance",2,-2.63574032900931,-2.63574032900931
"random_rows","weak_vs_robust_stat","protocol","random",4,-1.86851292586832,-1.56637912984941
"random_rows","weak_vs_robust_stat","role","loss_control",1,1.87879792634184,1.87879792634184
"random_rows","weak_vs_robust_stat","role","modest_positive",2,-3.64006119086185,-3.64006119086185
"random_rows","weak_vs_robust_stat","role","rescue_tie",1,-0.864192064015779,-0.864192064015779
"all_claim_rows","weak_vs_tree","dataset","concrete",1,141.266543371199,141.266543371199
"all_claim_rows","weak_vs_tree","dataset","fremtpl2_severity_raw",1,-61.5708995610313,-61.5708995610313
"all_claim_rows","weak_vs_tree","dataset","gas_turbine_co_2015_raw",1,12.1626984752482,12.1626984752482
"all_claim_rows","weak_vs_tree","dataset","gas_turbine_nox_2015_raw",1,33.400861883661,33.400861883661
"all_claim_rows","weak_vs_tree","dataset","insurance_autobi_loss",1,-51.6564909420335,-51.6564909420335
"all_claim_rows","weak_vs_tree","dataset","islr_credit_balance",1,13.0547727535925,13.0547727535925
"all_claim_rows","weak_vs_tree","dataset","sru_y1_dynamic",1,-51.8010985055357,-51.8010985055357
"all_claim_rows","weak_vs_tree","dataset","sru_y2_static",1,-15.0959001815612,-15.0959001815612
"all_claim_rows","weak_vs_tree","domain","cross_section_control",1,141.266543371199,141.266543371199
"all_claim_rows","weak_vs_tree","domain","emissions",2,22.7817801794546,22.7817801794546
"all_claim_rows","weak_vs_tree","domain","finance",1,13.0547727535925,13.0547727535925
"all_claim_rows","weak_vs_tree","domain","insurance",2,-56.6136952515324,-56.6136952515324
"all_claim_rows","weak_vs_tree","domain","soft_sensor",2,-33.4484993435484,-33.4484993435484
"all_claim_rows","weak_vs_tree","protocol","blocked",4,-1.4666008531565,-5.33335958204692
"all_claim_rows","weak_vs_tree","protocol","random",4,-19.3008590942205,10.2734814054317
"all_claim_rows","weak_vs_tree","role","loss_control",1,141.266543371199,141.266543371199
"all_claim_rows","weak_vs_tree","role","modest_positive",2,-19.3008590942205,-19.3008590942205
"all_claim_rows","weak_vs_tree","role","rescue_tie",1,-61.5708995610313,-61.5708995610313
"all_claim_rows","weak_vs_tree","role","strong_positive",3,12.1626984752482,-2.07917938220883
"all_claim_rows","weak_vs_tree","role","tie_control",1,-15.0959001815612,-15.0959001815612
"non_loss_rows","weak_vs_tree","dataset","fremtpl2_severity_raw",1,-61.5708995610313,-61.5708995610313
"non_loss_rows","weak_vs_tree","dataset","gas_turbine_co_2015_raw",1,12.1626984752482,12.1626984752482
"non_loss_rows","weak_vs_tree","dataset","gas_turbine_nox_2015_raw",1,33.400861883661,33.400861883661
"non_loss_rows","weak_vs_tree","dataset","insurance_autobi_loss",1,-51.6564909420335,-51.6564909420335
"non_loss_rows","weak_vs_tree","dataset","islr_credit_balance",1,13.0547727535925,13.0547727535925
"non_loss_rows","weak_vs_tree","dataset","sru_y1_dynamic",1,-51.8010985055357,-51.8010985055357
"non_loss_rows","weak_vs_tree","dataset","sru_y2_static",1,-15.0959001815612,-15.0959001815612
"non_loss_rows","weak_vs_tree","domain","emissions",2,22.7817801794546,22.7817801794546
"non_loss_rows","weak_vs_tree","domain","finance",1,13.0547727535925,13.0547727535925
"non_loss_rows","weak_vs_tree","domain","insurance",2,-56.6136952515324,-56.6136952515324
"non_loss_rows","weak_vs_tree","domain","soft_sensor",2,-33.4484993435484,-33.4484993435484
"non_loss_rows","weak_vs_tree","protocol","blocked",4,-1.4666008531565,-5.33335958204692
"non_loss_rows","weak_vs_tree","protocol","random",3,-51.6564909420335,-33.3908725831574
"non_loss_rows","weak_vs_tree","role","modest_positive",2,-19.3008590942205,-19.3008590942205
"non_loss_rows","weak_vs_tree","role","rescue_tie",1,-61.5708995610313,-61.5708995610313
"non_loss_rows","weak_vs_tree","role","strong_positive",3,12.1626984752482,-2.07917938220883
"non_loss_rows","weak_vs_tree","role","tie_control",1,-15.0959001815612,-15.0959001815612
"positive_rows","weak_vs_tree","dataset","gas_turbine_co_2015_raw",1,12.1626984752482,12.1626984752482
"positive_rows","weak_vs_tree","dataset","gas_turbine_nox_2015_raw",1,33.400861883661,33.400861883661
"positive_rows","weak_vs_tree","dataset","insurance_autobi_loss",1,-51.6564909420335,-51.6564909420335
"positive_rows","weak_vs_tree","dataset","islr_credit_balance",1,13.0547727535925,13.0547727535925
"positive_rows","weak_vs_tree","dataset","sru_y1_dynamic",1,-51.8010985055357,-51.8010985055357
"positive_rows","weak_vs_tree","domain","emissions",2,22.7817801794546,22.7817801794546
"positive_rows","weak_vs_tree","domain","finance",1,13.0547727535925,13.0547727535925
"positive_rows","weak_vs_tree","domain","insurance",1,-51.6564909420335,-51.6564909420335
"positive_rows","weak_vs_tree","domain","soft_sensor",1,-51.8010985055357,-51.8010985055357
"positive_rows","weak_vs_tree","protocol","blocked",3,12.1626984752482,-2.07917938220883
"positive_rows","weak_vs_tree","protocol","random",2,-19.3008590942205,-19.3008590942205
"positive_rows","weak_vs_tree","role","modest_positive",2,-19.3008590942205,-19.3008590942205
"positive_rows","weak_vs_tree","role","strong_positive",3,12.1626984752482,-2.07917938220883
"blocked_rows","weak_vs_tree","dataset","gas_turbine_co_2015_raw",1,12.1626984752482,12.1626984752482
"blocked_rows","weak_vs_tree","dataset","gas_turbine_nox_2015_raw",1,33.400861883661,33.400861883661
"blocked_rows","weak_vs_tree","dataset","sru_y1_dynamic",1,-51.8010985055357,-51.8010985055357
"blocked_rows","weak_vs_tree","dataset","sru_y2_static",1,-15.0959001815612,-15.0959001815612
"blocked_rows","weak_vs_tree","domain","emissions",2,22.7817801794546,22.7817801794546
"blocked_rows","weak_vs_tree","domain","soft_sensor",2,-33.4484993435484,-33.4484993435484
"blocked_rows","weak_vs_tree","protocol","blocked",4,-1.4666008531565,-5.33335958204692
"blocked_rows","weak_vs_tree","role","strong_positive",3,12.1626984752482,-2.07917938220883
"blocked_rows","weak_vs_tree","role","tie_control",1,-15.0959001815612,-15.0959001815612
"random_rows","weak_vs_tree","dataset","concrete",1,141.266543371199,141.266543371199
"random_rows","weak_vs_tree","dataset","fremtpl2_severity_raw",1,-61.5708995610313,-61.5708995610313
"random_rows","weak_vs_tree","dataset","insurance_autobi_loss",1,-51.6564909420335,-51.6564909420335
"random_rows","weak_vs_tree","dataset","islr_credit_balance",1,13.0547727535925,13.0547727535925
"random_rows","weak_vs_tree","domain","cross_section_control",1,141.266543371199,141.266543371199
"random_rows","weak_vs_tree","domain","finance",1,13.0547727535925,13.0547727535925
"random_rows","weak_vs_tree","domain","insurance",2,-56.6136952515324,-56.6136952515324
"random_rows","weak_vs_tree","protocol","random",4,-19.3008590942205,10.2734814054317
"random_rows","weak_vs_tree","role","loss_control",1,141.266543371199,141.266543371199
"random_rows","weak_vs_tree","role","modest_positive",2,-19.3008590942205,-19.3008590942205
"random_rows","weak_vs_tree","role","rescue_tie",1,-61.5708995610313,-61.5708995610313
