"run","sensor","chan","n","g3","g4","ac1","bl_LSE","bl_Huber","bl_L1","bl_WPMM2","bl_WPMM3","rn_LSE","rn_Huber","rn_L1","rn_WPMM2","rn_WPMM3","bestweak","blocked_vs_lse","blocked_vs_huber","blocked_vs_best","random_vs_huber","base_best"
"14.75-Run1","CSS-008","ShZpeak",6000,-0.560871715949467,8.74393221808303,0.984414541589045,0.206749483350264,0.214164719263709,0.212461241948454,0.178284664709774,0.168417864172409,0.141438761394913,0.135656119370829,0.135780770864398,0.119223695068328,0.119002004398505,"WPMM3",-18.5401281573773,-21.3605934948463,-18.5401281573773,-12.2767148651798,"LSE"
"14.75-Run1","CSS-008","ShYpeak",6000,0.0182137115657469,5.61836668041728,0.98540512303406,0.324486752025285,0.33433315221437,0.333467575470746,0.312268663545696,0.321686814986512,0.198340546651715,0.191193881198838,0.191493224045713,0.179069742653309,0.182599340352593,"WPMM2",-3.76535818591346,-6.59955153191807,-3.76535818591346,-6.34127957940255,"LSE"
"14.75-Run1","CSS-008","ShZrms",6000,-0.487773500880056,8.58247548976258,0.986068946710675,0.279391291121672,0.280269928173315,0.280372441536247,0.296924651325577,0.291533954868345,0.183178297862037,0.176034344335883,0.176103516518424,0.18296093309862,0.178021216856747,"WPMM3",4.34611390280768,4.0189922509503,4.34611390280768,1.12868459183952,"LSE"
"14.75-Run1","CSS-007","ShZpeak",6000,0.60624962240794,5.66911857887986,0.988255919128271,0.224693004298256,0.217751985535912,0.217467172164596,0.179254761901291,0.157812020293074,0.141194780871355,0.128409716891502,0.128514968429121,0.10056188421828,0.109142476716952,"WPMM3",-29.7654945751691,-27.5267135201174,-27.4317963845918,-21.6867020248566,"L1"
"14.75-Run1","CSS-007","ShYpeak",6000,0.276136589655905,6.22183096741684,0.97970592881367,0.255548211211539,0.230371734928969,0.230238655580708,0.192327556786579,0.202026488399154,0.155675037687451,0.136807990204748,0.137757483587672,0.123497810604984,0.143072942918075,"WPMM2",-24.7392279230734,-16.5142560367138,-16.4660007671213,-9.72909519381405,"L1"
"14.75-Run1","CSS-007","ShZrms",6000,0.323266179291755,7.24021051329654,0.988790570218571,0.204342687876861,0.1927346113091,0.192825248647601,0.216527109908307,0.201462895704996,0.135671182891838,0.122291266843909,0.123785151708181,0.131318183877308,0.113408061502183,"WPMM3",-1.40929543493162,4.52865436914087,4.52865436914087,-7.26397360251791,"Huber"
"14.75-Run2","CSS-008","ShZpeak",6000,0.354300427728987,5.36577024635837,0.993175437414037,0.102227720046136,0.103019611877377,0.10106811750164,0.0950615878224183,0.10025598210398,0.117277316216799,0.112482970318367,0.112570562195016,0.10186967004934,0.0979481715118849,"WPMM2",-7.00996972297094,-7.72476610029459,-5.94305091229658,-12.921777194666,"L1"
"14.75-Run2","CSS-008","ShYpeak",6000,0.287081215036496,5.35543280179287,0.992676232517092,0.0861096234859505,0.0875260717616049,0.0848909398429667,0.0800361141299274,0.0868263171017219,0.12619315442395,0.119078477639061,0.119601770557354,0.113433356238836,0.107616278594348,"WPMM2",-7.05322948835566,-8.55740179003792,-5.71889735467627,-9.62575208549045,"L1"
"14.75-Run2","CSS-008","ShZrms",6000,0.405268106565826,5.34088186561411,0.994907347014616,0.0446288509270253,0.0449140191067668,0.0452475109769623,0.0462445849367318,0.0434510775411939,0.128354369516856,0.119595603814236,0.120703230908509,0.111068204899406,0.118944561144792,"WPMM3",-2.63904035476337,-3.25720475403297,-2.63904035476337,-7.1301942904821,"LSE"
"14.75-Run2","CSS-007","ShZpeak",6000,-0.155341552205039,-1.19435712865026,0.994897131051337,0.231114884562144,0.249300618133765,0.303670166996395,0.326762685887643,0.251781800620646,0.198299193200463,0.198114532526225,0.196985345992566,0.197018205029021,0.197144027765688,"WPMM3",8.9422695979345,0.995257254255999,8.9422695979345,-0.553380654727642,"LSE"
"14.75-Run2","CSS-007","ShYpeak",6000,0.803630637519646,2.68669489875427,0.972559227964718,0.0791171817795698,0.0829963653052889,0.0890071371777719,0.0949819969510665,0.0840219654386464,0.0679144596579182,0.0674782342590256,0.0674170315798492,0.0675242303720453,0.0674451816564686,"WPMM3",6.19939126843765,1.23571692517497,6.19939126843765,-0.0489826133122317,"LSE"
"14.75-Run2","CSS-007","ShZrms",6000,-0.7626116271647,0.499709074103233,0.997849203660158,0.0342151401084939,0.033652564387225,0.0365311334393733,0.0490071098733662,0.0372940047751054,0.0766631208620615,0.0733962202154709,0.0722838874832247,0.0721149696231795,0.0721569968230293,"WPMM3",8.99854467013319,10.8206921350182,10.8206921350182,-1.74566290815792,"Huber"
