"candidate","method","family","trmse_med","trmse_iqr","mae_med","mae_iqr","rmse_med","bias_med","layers_med","n_reps"
"fremtpl2_severity_raw","auto","pmm",2096.15255984553,1083.82063754041,4115.99316309893,903.510509494833,42365.354251204,-158.803772267023,3,30
"fremtpl2_severity_raw","auto-weak","pmm",684.173083722703,49.0868808262985,2446.14415117691,1290.45252601999,28718.1698953614,-1999.97331647854,3,30
"fremtpl2_severity_raw","WPMM2","pmm",694.701764578581,58.3274650395242,2481.79575443223,1289.64446848895,28730.558811275,-2119.61226160652,3,30
"fremtpl2_severity_raw","WPMM3","pmm",685.137951356253,51.8269920292821,2450.74849217505,1289.06678171911,28719.424101612,-2006.80572336708,3,30
"fremtpl2_severity_raw","LSE","robust",2151.4211176757,687.441387238921,4024.04013134323,955.667233418366,30542.152351451,-323.163769328319,3,30
"fremtpl2_severity_raw","ridge-LSE","robust",1970.12129580776,687.712592212248,3982.06357876603,994.690817647873,34948.721021953,-1.03598688064202,3,30
"fremtpl2_severity_raw","Huber","robust",691.33223515676,45.1511782702852,2450.01560153196,1283.80122590002,28706.7258687055,-1916.78249767791,3,30
"fremtpl2_severity_raw","L1","robust",686.93029972343,47.0425402519354,2428.67725292635,1303.2389832129,28711.3894898017,-1906.14551059604,3,30
"insurance_autobi_loss","auto","pmm",3.40165250076739,0.547960700448061,5.37037624596286,0.830924148060127,17.1356711330184,-0.0634696637799042,3,30
"insurance_autobi_loss","auto-weak","pmm",1.64648118668302,0.177768534658042,4.16529900809406,1.19781523886254,16.7187860592323,-2.74910358759704,3,30
"insurance_autobi_loss","WPMM2","pmm",1.66990522468249,0.271335812609548,4.15658367395292,1.14262502969247,16.6909194644042,-3.22026930054945,3,30
"insurance_autobi_loss","WPMM3","pmm",1.64971492160397,0.208620987624763,4.22990902926461,1.19584110315031,16.6064121250087,-2.76886848352484,3,30
"insurance_autobi_loss","LSE","robust",3.70961233043544,0.522724347295246,5.543636299136,0.87689290130137,16.569144532684,0.0363565147481161,3,30
"insurance_autobi_loss","ridge-LSE","robust",3.6840592597985,0.502585535996328,5.67269139309115,0.974598036847508,16.2226681157003,0.185897689290437,3,30
"insurance_autobi_loss","Huber","robust",1.70546117230961,0.172332799523522,4.35165611055321,1.1720116552848,17.2336817314472,-2.76810728309885,3,30
"insurance_autobi_loss","L1","robust",1.69889957576123,0.220798773239994,4.20422001044627,1.16904350443605,16.558609859161,-2.87129362304326,3,30
"insurance_autoclaims_paid","auto","pmm",1150.52305715528,34.845207553408,1518.08771495629,58.3220745397498,2696.52502653461,-14.9672125182964,3,30
"insurance_autoclaims_paid","auto-weak","pmm",995.768968425389,50.0569282546453,1320.65952717765,68.9866014946638,2870.4778198609,-964.623039523388,3,30
"insurance_autoclaims_paid","WPMM2","pmm",993.630462094021,46.0713333907156,1320.37394434057,70.3916290166449,2868.75790656389,-965.867922953066,3,30
"insurance_autoclaims_paid","WPMM3","pmm",951.266726914158,44.6985565356937,1317.36208809464,64.2834604070629,2805.02531541628,-779.132360352397,3,30
"insurance_autoclaims_paid","LSE","robust",1153.04583156903,36.0011680503533,1520.20796840252,66.0262730418224,2695.65419639923,-5.58908331031722,3,30
"insurance_autoclaims_paid","ridge-LSE","robust",1164.85405293727,28.1458517992792,1535.28696838406,50.9145436168756,2697.21169074684,1.05217764770258,3,30
"insurance_autoclaims_paid","Huber","robust",945.563231680598,34.4073363389255,1338.51113085868,65.2865204725872,2762.28736448691,-615.316828453646,3,30
"insurance_autoclaims_paid","L1","robust",961.467321991211,37.816636032898,1315.24268025243,66.0832079573818,2819.85471807572,-822.023042746843,3,30
"fremtpl2_severity_log","auto","pmm",0.807577367714471,0.0463195556257696,0.828138793533967,0.0368747947960673,1.22293997567096,-0.0107258013520767,3,30
"fremtpl2_severity_log","auto-weak","pmm",0.80764869037915,0.0395840403229492,0.829958383403271,0.0262806897248209,1.22671657672924,-0.00548298838227628,3,30
"fremtpl2_severity_log","WPMM2","pmm",0.784349719554508,0.0498747214300711,0.793645378063659,0.0338016626355543,1.25908681176445,0.229208512534247,3,30
"fremtpl2_severity_log","WPMM3","pmm",0.782067101546708,0.0539124227672761,0.790005080771723,0.0385810594453502,1.25828666691878,0.169644836823347,3,30
"fremtpl2_severity_log","LSE","robust",0.806250768890134,0.0414600116027166,0.828071327953946,0.0318679579986245,1.22485198225247,-0.00861967743871556,3,30
"fremtpl2_severity_log","ridge-LSE","robust",0.807088168708026,0.0494791728918514,0.831932572568222,0.0401243541387102,1.23213224348549,-0.00493975828019952,3,30
"fremtpl2_severity_log","Huber","robust",0.785537285570285,0.0489281874495484,0.798093761503529,0.0425570331610173,1.23717494797515,0.0989356798159816,3,30
"fremtpl2_severity_log","L1","robust",0.783981455889958,0.0542429332897647,0.779309120863027,0.0437170155361106,1.26272937848085,0.169442813163413,3,30
