dataset,protocol,role,split_id,model,trmse,mae,rmse
sru_y1_dynamic,blocked,strong_positive,1,rf,0.003237658938825952,0.008647996468033315,0.03989050956478727
sru_y1_dynamic,blocked,strong_positive,1,hgb,0.004233456998096036,0.012996123521382295,0.060490528103952855
sru_y1_dynamic,blocked,strong_positive,1,extra,0.005562990722242205,0.009474669779016663,0.031704574740270414
sru_y1_dynamic,blocked,strong_positive,1,linear,0.005150451836504971,0.006711075555196464,0.014661746917845664
sru_y1_dynamic,blocked,strong_positive,2,rf,0.0014111540847716452,0.001899526327984444,0.003965140021257612
sru_y1_dynamic,blocked,strong_positive,2,hgb,0.002236801508028266,0.002618223054057972,0.004178379647317708
sru_y1_dynamic,blocked,strong_positive,2,extra,0.00136969036597254,0.0018107779548111114,0.0036897327954166807
sru_y1_dynamic,blocked,strong_positive,2,linear,0.004506785329632466,0.004679659015762488,0.006122018409298158
sru_y1_dynamic,blocked,strong_positive,3,rf,0.006907132983316846,0.016862935303266643,0.055478332460381606
sru_y1_dynamic,blocked,strong_positive,3,hgb,0.023897543934109616,0.03483750055105868,0.08618149023559893
sru_y1_dynamic,blocked,strong_positive,3,extra,0.006109645885757092,0.014559126614949977,0.04377495401350523
sru_y1_dynamic,blocked,strong_positive,3,linear,0.005222417813550821,0.008066516986034993,0.021548691510832087
sru_y1_dynamic,blocked,strong_positive,4,rf,0.003808746068402246,0.005630572896238871,0.014400198306061512
sru_y1_dynamic,blocked,strong_positive,4,hgb,0.0038201357812138264,0.006483622038312924,0.022545639274494166
sru_y1_dynamic,blocked,strong_positive,4,extra,0.0035221804877862426,0.004792262822449981,0.012093073958111183
sru_y1_dynamic,blocked,strong_positive,4,linear,0.008159874259751466,0.008782321410760036,0.012387876660463036
sru_y1_dynamic,blocked,strong_positive,5,rf,0.0026345624447013114,0.0041312469781555556,0.011264965670941977
sru_y1_dynamic,blocked,strong_positive,5,hgb,0.00935639724936059,0.010854082497551407,0.02262359416256628
sru_y1_dynamic,blocked,strong_positive,5,extra,0.005998607267611866,0.006776536121388886,0.012397551929928058
sru_y1_dynamic,blocked,strong_positive,5,linear,0.005354540154426294,0.005788702924387627,0.0083219069341427
gas_turbine_co_2015_raw,blocked,strong_positive,1,rf,0.39292299172545186,0.5334149881666663,1.1743031056620241
gas_turbine_co_2015_raw,blocked,strong_positive,1,hgb,0.8033052106940175,0.8188184517619435,1.168616698281659
gas_turbine_co_2015_raw,blocked,strong_positive,1,extra,0.36807855668174644,0.43789954272222187,0.7633705888841065
gas_turbine_co_2015_raw,blocked,strong_positive,1,linear,1.0395503231552656,1.1478693208570308,1.6550399833007001
gas_turbine_co_2015_raw,blocked,strong_positive,2,rf,0.535491117079667,0.6591420170000002,1.513035243140946
gas_turbine_co_2015_raw,blocked,strong_positive,2,hgb,0.5831168268593633,0.7095387095057051,1.5479655542441606
gas_turbine_co_2015_raw,blocked,strong_positive,2,extra,0.5101143179718569,0.6256905768888892,1.405998153398171
gas_turbine_co_2015_raw,blocked,strong_positive,2,linear,0.6873649692625273,0.7930600886155496,1.5800210942889878
gas_turbine_co_2015_raw,blocked,strong_positive,3,rf,0.7590367546363944,0.936629619888889,2.1193198576501073
gas_turbine_co_2015_raw,blocked,strong_positive,3,hgb,0.7900557742397009,0.9642255511024479,2.2252673117374218
gas_turbine_co_2015_raw,blocked,strong_positive,3,extra,0.7562917956219463,0.9322078758888892,2.18385270300578
gas_turbine_co_2015_raw,blocked,strong_positive,3,linear,0.9020876903816344,1.05360298646681,2.2889520012756854
gas_turbine_co_2015_raw,blocked,strong_positive,4,rf,0.8223320432461316,0.8671635987222218,1.3732922189457093
gas_turbine_co_2015_raw,blocked,strong_positive,4,hgb,0.843024153629332,0.9113407445048715,1.3657172497259304
gas_turbine_co_2015_raw,blocked,strong_positive,4,extra,0.7916767825127858,0.8449823787777778,1.319220302555712
gas_turbine_co_2015_raw,blocked,strong_positive,4,linear,0.8424631604926676,0.8701825802955068,1.213682227608049
gas_turbine_co_2015_raw,blocked,strong_positive,5,rf,0.5246071274878354,0.5656220702777779,0.7882020972331878
gas_turbine_co_2015_raw,blocked,strong_positive,5,hgb,0.6444220196604716,0.7258677929187216,1.0333691345323623
gas_turbine_co_2015_raw,blocked,strong_positive,5,extra,0.526174573496839,0.5791597723333334,0.8030856785474155
gas_turbine_co_2015_raw,blocked,strong_positive,5,linear,0.7846263478778047,0.7847038910341477,1.0060759401772355
gas_turbine_nox_2015_raw,blocked,strong_positive,1,rf,2.2855221500673726,2.6640403277777813,4.235038106666244
gas_turbine_nox_2015_raw,blocked,strong_positive,1,hgb,3.3632479248075904,3.769315384806531,5.396574021176751
gas_turbine_nox_2015_raw,blocked,strong_positive,1,extra,2.2541794484344355,2.5696678500000067,4.063706503313939
gas_turbine_nox_2015_raw,blocked,strong_positive,1,linear,7.520229919878762,7.607787069343356,10.647506486934873
gas_turbine_nox_2015_raw,blocked,strong_positive,2,rf,2.1836921836451286,2.4939515388888958,3.7906425129975485
gas_turbine_nox_2015_raw,blocked,strong_positive,2,hgb,2.4253124440365683,2.830110043087801,4.260848461717108
gas_turbine_nox_2015_raw,blocked,strong_positive,2,extra,2.193766102225183,2.5418040555555588,3.884066254720336
gas_turbine_nox_2015_raw,blocked,strong_positive,2,linear,3.099775099406639,3.6179922898210726,5.84097566492844
gas_turbine_nox_2015_raw,blocked,strong_positive,3,rf,2.8039743438298923,3.30732033333333,5.24185223014013
gas_turbine_nox_2015_raw,blocked,strong_positive,3,hgb,2.9091370827126037,3.39336348798537,5.325653313897228
gas_turbine_nox_2015_raw,blocked,strong_positive,3,extra,2.7154842475028245,3.101838849999999,4.692468375692255
gas_turbine_nox_2015_raw,blocked,strong_positive,3,linear,4.310436756257192,4.91766948908359,7.559897715660844
gas_turbine_nox_2015_raw,blocked,strong_positive,4,rf,2.2265508871013884,2.3543334777777796,3.170934455408299
gas_turbine_nox_2015_raw,blocked,strong_positive,4,hgb,2.2164649556448865,2.3771062385857507,3.306777869963084
gas_turbine_nox_2015_raw,blocked,strong_positive,4,extra,2.2374030812822885,2.3181981833333385,3.0184168387464374
gas_turbine_nox_2015_raw,blocked,strong_positive,4,linear,3.7102564980819674,3.867085668319644,5.083348832029653
gas_turbine_nox_2015_raw,blocked,strong_positive,5,rf,4.612253725856856,4.625765227777767,5.513632475903606
gas_turbine_nox_2015_raw,blocked,strong_positive,5,hgb,4.155599351595895,4.2745064280051706,5.057803899702138
gas_turbine_nox_2015_raw,blocked,strong_positive,5,extra,4.467184758120737,4.44944486666666,5.206324774188565
gas_turbine_nox_2015_raw,blocked,strong_positive,5,linear,6.89661335988856,6.796207715385882,7.890005480081188
islr_credit_balance,random,modest_positive,1,rf,55.20343125406447,63.589933333333335,105.63705497388479
islr_credit_balance,random,modest_positive,1,hgb,59.12749550257033,74.10627493382128,131.47118577309095
islr_credit_balance,random,modest_positive,1,extra,43.305912349752475,52.74949999999999,96.07533159916174
islr_credit_balance,random,modest_positive,1,linear,76.08316792146726,80.26113060396555,103.38312955008384
islr_credit_balance,random,modest_positive,2,rf,64.44737750605069,69.65353333333333,106.33526736799143
islr_credit_balance,random,modest_positive,2,hgb,81.5298149160381,91.9299671920419,151.41040948267042
islr_credit_balance,random,modest_positive,2,extra,54.33591936926902,56.188533333333346,87.53361731865586
islr_credit_balance,random,modest_positive,2,linear,81.78417979678301,81.73033653262672,95.60941860405765
islr_credit_balance,random,modest_positive,3,rf,68.568393098415,73.79663333333333,127.43247117722129
islr_credit_balance,random,modest_positive,3,hgb,72.5043971633374,90.81016770000888,158.91600149467712
islr_credit_balance,random,modest_positive,3,extra,50.980177331397556,58.89029999999999,97.99194834100742
islr_credit_balance,random,modest_positive,3,linear,81.62244308092295,83.16719686743933,104.86296877456378
islr_credit_balance,random,modest_positive,4,rf,93.98804650224751,102.36996666666668,164.02049718759744
islr_credit_balance,random,modest_positive,4,hgb,101.57505051073383,115.4193259523062,187.7857276184477
islr_credit_balance,random,modest_positive,4,extra,74.22115866752968,78.38216666666668,130.56123955404564
islr_credit_balance,random,modest_positive,4,linear,78.16992283818982,78.29095735388168,98.82354279649039
islr_credit_balance,random,modest_positive,5,rf,57.31747659384892,62.77613333333332,101.6049944113641
islr_credit_balance,random,modest_positive,5,hgb,66.44456662726465,77.10803135332453,131.35457044611198
islr_credit_balance,random,modest_positive,5,extra,48.203813535681135,53.96536666666667,87.70223522617121
islr_credit_balance,random,modest_positive,5,linear,86.70405112005078,86.88852324766657,102.70133314462721
islr_credit_balance,random,modest_positive,6,rf,60.28482853386932,67.44833333333334,113.64010504316786
islr_credit_balance,random,modest_positive,6,hgb,72.7783383945826,85.67105494751287,144.86396635561886
islr_credit_balance,random,modest_positive,6,extra,44.50049936188121,51.889066666666665,88.77727600011164
islr_credit_balance,random,modest_positive,6,linear,71.63021539844593,74.78395958521436,95.76267370680823
islr_credit_balance,random,modest_positive,7,rf,61.209442929205814,61.843999999999994,95.18898005896831
islr_credit_balance,random,modest_positive,7,hgb,63.27443237080529,70.63419639162801,105.56256366795384
islr_credit_balance,random,modest_positive,7,extra,48.64448915789022,52.45906666666668,84.35345181371589
islr_credit_balance,random,modest_positive,7,linear,78.79404725190004,82.04668577253454,101.95115510538723
islr_credit_balance,random,modest_positive,8,rf,66.70223504131006,74.0689,122.80967656816695
islr_credit_balance,random,modest_positive,8,hgb,73.23406518204325,97.43890416655867,167.93817929436457
islr_credit_balance,random,modest_positive,8,extra,56.753794644439495,62.07083333333334,101.81475059636496
islr_credit_balance,random,modest_positive,8,linear,76.85243027810168,77.71736175929408,96.37097877499295
islr_credit_balance,random,modest_positive,9,rf,72.2171959233882,72.22726666666667,110.61609230025158
islr_credit_balance,random,modest_positive,9,hgb,68.12799063831879,75.89412880442977,115.25016344487835
islr_credit_balance,random,modest_positive,9,extra,58.96533915240397,64.47913333333332,100.40682416825838
islr_credit_balance,random,modest_positive,9,linear,84.0898089778857,84.64866350347303,105.42531161118973
islr_credit_balance,random,modest_positive,10,rf,69.41952378007106,73.39526666666667,114.12953929344206
islr_credit_balance,random,modest_positive,10,hgb,67.29071926277553,70.9610776361804,110.08526486643545
islr_credit_balance,random,modest_positive,10,extra,52.53051439842336,53.217766666666655,84.56646233518869
islr_credit_balance,random,modest_positive,10,linear,78.42360381824042,82.85380488640055,102.92981207696053
islr_credit_balance,random,modest_positive,11,rf,77.11327410991325,82.3993,124.73087559443954
islr_credit_balance,random,modest_positive,11,hgb,96.09343826092486,102.76414205962516,164.3906278452646
islr_credit_balance,random,modest_positive,11,extra,58.98465264607207,64.24770000000001,101.5785528877911
islr_credit_balance,random,modest_positive,11,linear,73.54421343248231,77.2606979328307,101.7764977954023
islr_credit_balance,random,modest_positive,12,rf,57.20586698414251,57.1077,83.59500454306796
islr_credit_balance,random,modest_positive,12,hgb,60.00705266602431,71.43455604531519,109.66138696456926
islr_credit_balance,random,modest_positive,12,extra,48.92971953933041,50.96886666666666,76.88856604781293
islr_credit_balance,random,modest_positive,12,linear,74.81829395557445,77.97803163967158,99.18334262038115
islr_credit_balance,random,modest_positive,13,rf,55.207685222750655,56.74606666666668,90.10996563952045
islr_credit_balance,random,modest_positive,13,hgb,54.90358726107339,66.32722726832391,116.32617414057812
islr_credit_balance,random,modest_positive,13,extra,48.83008486477609,49.93909999999999,75.35356148996689
islr_credit_balance,random,modest_positive,13,linear,79.56452660026773,83.6934546370988,103.73845148700347
islr_credit_balance,random,modest_positive,14,rf,78.0150107366968,88.81020000000002,145.35777542326383
islr_credit_balance,random,modest_positive,14,hgb,79.43608408081512,96.99906574657308,179.6808619024272
islr_credit_balance,random,modest_positive,14,extra,57.54554354681834,69.86190000000002,125.8542004627224
islr_credit_balance,random,modest_positive,14,linear,71.5339517332195,72.77926264321295,90.19441557709095
islr_credit_balance,random,modest_positive,15,rf,58.22883022191281,62.10119999999999,98.42659439399496
islr_credit_balance,random,modest_positive,15,hgb,58.61772460834356,73.03285346649938,116.04530382106705
islr_credit_balance,random,modest_positive,15,extra,41.22335312165415,46.32246666666667,79.1830781094603
islr_credit_balance,random,modest_positive,15,linear,72.58656279224297,78.61590797165151,104.96762417637702
islr_credit_balance,random,modest_positive,16,rf,72.25439745513721,82.00846666666666,129.7265344844043
islr_credit_balance,random,modest_positive,16,hgb,78.13971734284084,84.38234707975302,131.4403433615076
islr_credit_balance,random,modest_positive,16,extra,55.453876421071385,64.53736666666666,110.70806635622056
islr_credit_balance,random,modest_positive,16,linear,80.272953923373,81.7918365175168,99.05467852579744
islr_credit_balance,random,modest_positive,17,rf,70.88126746212313,73.20836666666666,112.85951211769631
islr_credit_balance,random,modest_positive,17,hgb,66.60901027512563,86.89929490874901,150.43104253493593
islr_credit_balance,random,modest_positive,17,extra,62.78849848184728,65.39066666666666,103.40185011991915
islr_credit_balance,random,modest_positive,17,linear,71.27205428519414,75.0383750937031,93.11627466750348
islr_credit_balance,random,modest_positive,18,rf,69.14622088260268,78.36273333333332,128.03350319263225
islr_credit_balance,random,modest_positive,18,hgb,82.64540849338519,92.78573421562449,156.01422439686039
islr_credit_balance,random,modest_positive,18,extra,52.81217326935239,59.58526666666667,92.28343050503585
islr_credit_balance,random,modest_positive,18,linear,76.64933876919221,76.88767569281295,94.98944543298902
islr_credit_balance,random,modest_positive,19,rf,70.91373909699055,78.39003333333334,111.95804352176854
islr_credit_balance,random,modest_positive,19,hgb,73.44776152540138,82.76597928679718,124.31834916396434
islr_credit_balance,random,modest_positive,19,extra,55.50455711910199,60.66553333333334,89.2963245019388
islr_credit_balance,random,modest_positive,19,linear,77.46831795088403,77.96431988484952,92.30060316141285
islr_credit_balance,random,modest_positive,20,rf,43.46654123476562,49.97406666666666,83.99288809840456
islr_credit_balance,random,modest_positive,20,hgb,59.486579924564,64.8138598299574,98.23228966371904
islr_credit_balance,random,modest_positive,20,extra,34.07572352247634,39.8424,70.91766596084034
islr_credit_balance,random,modest_positive,20,linear,79.92112298839453,84.89574692937911,109.42440548883401
islr_credit_balance,random,modest_positive,21,rf,55.56189528493715,62.25683333333333,97.2398505466423
islr_credit_balance,random,modest_positive,21,hgb,63.54134798270894,76.6294729011882,136.05489624903987
islr_credit_balance,random,modest_positive,21,extra,43.276782429004676,49.32343333333334,82.98153659097909
islr_credit_balance,random,modest_positive,21,linear,79.87222907291996,82.2135196527192,104.3976300662764
islr_credit_balance,random,modest_positive,22,rf,60.237686313019026,65.77416666666667,110.87322917588759
islr_credit_balance,random,modest_positive,22,hgb,62.74857374401503,72.5643694635883,123.84751856261624
islr_credit_balance,random,modest_positive,22,extra,49.264852176780145,59.06916666666666,107.91700346768549
islr_credit_balance,random,modest_positive,22,linear,78.5330398435012,80.34663492572518,99.9566664488714
islr_credit_balance,random,modest_positive,23,rf,57.33113048201369,62.39449999999999,101.70516613066746
islr_credit_balance,random,modest_positive,23,hgb,69.52722551845585,79.41687364291278,125.8128176152164
islr_credit_balance,random,modest_positive,23,extra,50.45958318236757,53.881966666666656,88.42373040649213
islr_credit_balance,random,modest_positive,23,linear,79.74728174125369,85.62618093139844,106.36970657110889
islr_credit_balance,random,modest_positive,24,rf,106.21309990059525,104.59649999999999,162.0457573406694
islr_credit_balance,random,modest_positive,24,hgb,123.17222392889813,118.88858419997936,190.6843367750902
islr_credit_balance,random,modest_positive,24,extra,65.84362386427593,73.39603333333332,120.38043063785558
islr_credit_balance,random,modest_positive,24,linear,90.76809557093772,92.46221890793349,112.99741743692469
islr_credit_balance,random,modest_positive,25,rf,65.02001060832097,71.67146666666666,117.03772481080144
islr_credit_balance,random,modest_positive,25,hgb,63.47184298074373,76.0163403603294,130.66321882531432
islr_credit_balance,random,modest_positive,25,extra,58.43090010145886,63.14416666666666,106.755602145482
islr_credit_balance,random,modest_positive,25,linear,82.06353736171579,83.77622236090058,102.26049909059341
islr_credit_balance,random,modest_positive,26,rf,54.12579617411166,55.8545,90.15263465491302
islr_credit_balance,random,modest_positive,26,hgb,66.5813193062515,73.09833067469499,116.24583601139796
islr_credit_balance,random,modest_positive,26,extra,43.053547019817714,47.09590000000001,86.02270797941154
islr_credit_balance,random,modest_positive,26,linear,79.34944528719363,82.86493431988426,100.83674314268276
islr_credit_balance,random,modest_positive,27,rf,63.53385029714669,72.40466666666669,130.13625850110594
islr_credit_balance,random,modest_positive,27,hgb,60.941443623625396,81.38265296567236,145.66949544031328
islr_credit_balance,random,modest_positive,27,extra,41.356805135160705,47.66146666666666,83.14689020041581
islr_credit_balance,random,modest_positive,27,linear,81.26252255990612,81.21557048145894,102.7389856299517
islr_credit_balance,random,modest_positive,28,rf,44.34994690658923,52.21543333333333,86.72065084639426
islr_credit_balance,random,modest_positive,28,hgb,67.66820443204173,72.08631267439837,101.5365759165557
islr_credit_balance,random,modest_positive,28,extra,39.24045651217568,42.14723333333333,67.639986714796
islr_credit_balance,random,modest_positive,28,linear,78.08837770703026,81.56426677339854,108.27638332790312
islr_credit_balance,random,modest_positive,29,rf,65.13579432308141,67.16883333333334,100.09786205453587
islr_credit_balance,random,modest_positive,29,hgb,62.49007353157153,69.47645122554827,108.74120638755282
islr_credit_balance,random,modest_positive,29,extra,47.937688930527315,50.595533333333336,77.45342436300383
islr_credit_balance,random,modest_positive,29,linear,74.03525993278537,81.5193458727286,105.50626058783882
islr_credit_balance,random,modest_positive,30,rf,57.65195808566359,69.8082,115.59843321890943
islr_credit_balance,random,modest_positive,30,hgb,59.64154264766594,76.85562304326457,137.1283567435971
islr_credit_balance,random,modest_positive,30,extra,50.83278285433573,63.286133333333325,112.97298806942008
islr_credit_balance,random,modest_positive,30,linear,82.6003026421777,81.75731880892779,96.46271249079135
insurance_autobi_loss,random,modest_positive,1,rf,3.354317662917056,6.338475139290643,20.953520239802792
insurance_autobi_loss,random,modest_positive,1,hgb,3.2094197119232897,5.964897865642799,20.388616489969646
insurance_autobi_loss,random,modest_positive,1,extra,3.700004260015877,6.367621692556124,20.794818974034527
insurance_autobi_loss,random,modest_positive,1,linear,2.9113391100171704,5.516739085190488,19.626820535480974
insurance_autobi_loss,random,modest_positive,2,rf,3.373337377618629,6.786170220660062,21.092715127696735
insurance_autobi_loss,random,modest_positive,2,hgb,4.296479934450115,6.722413015291911,19.53096839648047
insurance_autobi_loss,random,modest_positive,2,extra,3.2696133456514698,6.806837255160178,21.78237294654021
insurance_autobi_loss,random,modest_positive,2,linear,3.737445710783829,5.901832093343805,18.204093777259754
insurance_autobi_loss,random,modest_positive,3,rf,2.908475428918475,6.242829394668391,20.896418666033163
insurance_autobi_loss,random,modest_positive,3,hgb,3.4049835110478885,6.181867826606668,20.25751267494848
insurance_autobi_loss,random,modest_positive,3,extra,3.100275484631195,6.502350298302223,21.284137865565423
insurance_autobi_loss,random,modest_positive,3,linear,3.5945502630508925,5.906790165085274,19.107120104614463
insurance_autobi_loss,random,modest_positive,4,rf,4.244900420314947,7.0665835574747415,19.466946540765953
insurance_autobi_loss,random,modest_positive,4,hgb,4.451587923512004,6.273074274125439,16.751930874617948
insurance_autobi_loss,random,modest_positive,4,extra,4.0092952585059285,7.458784089181549,21.003560224111204
insurance_autobi_loss,random,modest_positive,4,linear,3.8929873306353926,5.988482943829073,16.047856118684322
insurance_autobi_loss,random,modest_positive,5,rf,3.2538114360435304,5.740131074967987,16.46308563184097
insurance_autobi_loss,random,modest_positive,5,hgb,3.6908338238825804,5.4919614719835845,15.137726567978444
insurance_autobi_loss,random,modest_positive,5,extra,3.2055741341371133,5.364728317184139,15.55336010460952
insurance_autobi_loss,random,modest_positive,5,linear,3.5696912265379925,5.07308265615081,13.896510537288329
insurance_autobi_loss,random,modest_positive,6,rf,3.401931766091571,5.718018532354181,16.59997638890801
insurance_autobi_loss,random,modest_positive,6,hgb,3.7331759133832034,5.577168168620665,15.428833179645627
insurance_autobi_loss,random,modest_positive,6,extra,3.9021950716520983,6.429854794552008,18.386975583452347
insurance_autobi_loss,random,modest_positive,6,linear,3.6305632777742605,5.48835600679239,14.838691904340255
insurance_autobi_loss,random,modest_positive,7,rf,5.795029513587625,7.982973441209823,18.603098210532604
insurance_autobi_loss,random,modest_positive,7,hgb,5.676158654835349,7.264938270623809,15.173523151981042
insurance_autobi_loss,random,modest_positive,7,extra,5.807135164850884,8.249900924385138,20.07470938529228
insurance_autobi_loss,random,modest_positive,7,linear,4.16257651974862,5.835614659037122,12.869972772412689
insurance_autobi_loss,random,modest_positive,8,rf,3.3387060448214334,7.21563879618733,24.208526940304314
insurance_autobi_loss,random,modest_positive,8,hgb,3.801416161682039,6.438191572186992,21.961840890277156
insurance_autobi_loss,random,modest_positive,8,extra,3.423539366335616,7.1710472415838105,24.290528653774736
insurance_autobi_loss,random,modest_positive,8,linear,3.359187660664556,5.681048281782048,20.990382427790333
insurance_autobi_loss,random,modest_positive,9,rf,3.1540409478229368,5.533552842874748,18.681469941630972
insurance_autobi_loss,random,modest_positive,9,hgb,3.5990131859173142,5.815123615641928,18.496403751709146
insurance_autobi_loss,random,modest_positive,9,extra,3.2669131053974376,5.692901448267341,18.670775900399097
insurance_autobi_loss,random,modest_positive,9,linear,3.688113681628422,5.706020864025877,18.075483435772828
insurance_autobi_loss,random,modest_positive,10,rf,3.780948109921582,5.803305175607597,16.838470379403386
insurance_autobi_loss,random,modest_positive,10,hgb,4.343936586854661,5.9511902833702806,16.051164398214855
insurance_autobi_loss,random,modest_positive,10,extra,3.888306958007202,6.036694536138459,17.996695319116228
insurance_autobi_loss,random,modest_positive,10,linear,3.778222242863975,5.298473406859805,14.884577539190259
insurance_autobi_loss,random,modest_positive,11,rf,3.3705403683835153,7.043275110315666,20.88076235736395
insurance_autobi_loss,random,modest_positive,11,hgb,3.8761423452403987,6.963022116307123,19.89000546492782
insurance_autobi_loss,random,modest_positive,11,extra,3.2527869270803462,7.073268756003253,21.781951805500057
insurance_autobi_loss,random,modest_positive,11,linear,3.4737119459180823,6.659987017143904,18.707660683273804
insurance_autobi_loss,random,modest_positive,12,rf,3.025429753828677,5.130372426413017,12.491052049514881
insurance_autobi_loss,random,modest_positive,12,hgb,3.9591705347433432,5.076104327540367,10.22791881517489
insurance_autobi_loss,random,modest_positive,12,extra,2.6989708392332608,5.022484639109158,13.77662296632852
insurance_autobi_loss,random,modest_positive,12,linear,4.034170940046897,4.700217980111437,8.662877973667083
insurance_autobi_loss,random,modest_positive,13,rf,3.8791992689623025,7.278568945375223,21.183170078287645
insurance_autobi_loss,random,modest_positive,13,hgb,3.850431056427856,6.975091601385228,20.63299560924299
insurance_autobi_loss,random,modest_positive,13,extra,3.8710715009882386,7.314670755172518,21.167014590029698
insurance_autobi_loss,random,modest_positive,13,linear,3.669200011255164,6.475947746837841,19.19050196728631
insurance_autobi_loss,random,modest_positive,14,rf,4.016130091998379,7.266840492195898,22.405892807584358
insurance_autobi_loss,random,modest_positive,14,hgb,3.9659093447474882,6.373561821737085,20.25047318486654
insurance_autobi_loss,random,modest_positive,14,extra,3.4129407119148185,6.404096452293739,21.280441489477216
insurance_autobi_loss,random,modest_positive,14,linear,3.7112930894189393,5.691984468486022,19.346797989615737
insurance_autobi_loss,random,modest_positive,15,rf,3.1496695556368515,8.077855589625923,28.83407128755627
insurance_autobi_loss,random,modest_positive,15,hgb,3.4054676047056405,8.305835086631078,28.94765728072277
insurance_autobi_loss,random,modest_positive,15,extra,3.319155214651297,8.272915592988412,28.998148602750103
insurance_autobi_loss,random,modest_positive,15,linear,2.851079148898219,7.927178258780344,28.642489194503135
insurance_autobi_loss,random,modest_positive,16,rf,4.377155335052295,8.125670460484052,24.813548799547828
insurance_autobi_loss,random,modest_positive,16,hgb,4.384053257826068,7.053171737469208,21.923211698619866
insurance_autobi_loss,random,modest_positive,16,extra,4.173151451100207,7.9774414575794514,25.530048245468926
insurance_autobi_loss,random,modest_positive,16,linear,3.6795203549667574,6.258442843116965,20.991576014911
insurance_autobi_loss,random,modest_positive,17,rf,3.4155140414044376,5.892010712721084,14.978912085901687
insurance_autobi_loss,random,modest_positive,17,hgb,4.41604723764748,5.58621893400469,11.278349039977881
insurance_autobi_loss,random,modest_positive,17,extra,3.4644909290907173,5.8315266194572635,15.320997629292904
insurance_autobi_loss,random,modest_positive,17,linear,4.305713630332501,5.41364075163078,10.37978157167128
insurance_autobi_loss,random,modest_positive,18,rf,4.3950109098740535,6.2310816511749785,13.748742297273093
insurance_autobi_loss,random,modest_positive,18,hgb,4.478127192383485,5.637845133315845,10.81398551635714
insurance_autobi_loss,random,modest_positive,18,extra,3.880870480974951,6.076677681913326,14.445177978027859
insurance_autobi_loss,random,modest_positive,18,linear,4.028786902872165,5.3700485481812885,9.840262713408073
insurance_autobi_loss,random,modest_positive,19,rf,3.66074078029499,6.059827456209183,15.875479720910116
insurance_autobi_loss,random,modest_positive,19,hgb,4.852489660546523,6.723107343304385,15.507967578468
insurance_autobi_loss,random,modest_positive,19,extra,2.9942719143019922,5.517407408483054,15.273229328669576
insurance_autobi_loss,random,modest_positive,19,linear,3.8695716866043064,5.426318325083717,13.319519691406844
insurance_autobi_loss,random,modest_positive,20,rf,2.8067423852491116,5.516754096984609,20.54045670300002
insurance_autobi_loss,random,modest_positive,20,hgb,3.0647423290820903,5.518419830690891,20.26307614375338
insurance_autobi_loss,random,modest_positive,20,extra,2.9171138491069524,5.766467270277343,20.84737744404978
insurance_autobi_loss,random,modest_positive,20,linear,3.314286394867526,5.4966667572947845,19.76479383713267
insurance_autobi_loss,random,modest_positive,21,rf,3.6953827006846773,6.3796598132144196,14.922326012291318
insurance_autobi_loss,random,modest_positive,21,hgb,4.889119173022763,6.044437934129287,10.93156474812203
insurance_autobi_loss,random,modest_positive,21,extra,3.3243781465244,5.970160417378907,16.458694056850398
insurance_autobi_loss,random,modest_positive,21,linear,4.368904349002455,5.371314562645205,9.062055568651553
insurance_autobi_loss,random,modest_positive,22,rf,3.080153135087371,6.852530040949446,22.633846886616023
insurance_autobi_loss,random,modest_positive,22,hgb,3.761654140838879,5.9001728367243,18.543653551806948
insurance_autobi_loss,random,modest_positive,22,extra,2.7571894401257127,6.212170464968898,22.41615090249873
insurance_autobi_loss,random,modest_positive,22,linear,3.666519808426551,5.054428897755387,17.41793423166296
insurance_autobi_loss,random,modest_positive,23,rf,3.961166398167217,7.002950652896237,19.549724276694896
insurance_autobi_loss,random,modest_positive,23,hgb,3.4796086972401965,6.102210274385261,17.339434790194378
insurance_autobi_loss,random,modest_positive,23,extra,3.338313236924077,6.742723409597454,19.90838670228848
insurance_autobi_loss,random,modest_positive,23,linear,3.7112781946428135,5.987891804021294,16.52379864286069
insurance_autobi_loss,random,modest_positive,24,rf,3.16081693833333,6.125564420084931,16.469533105936062
insurance_autobi_loss,random,modest_positive,24,hgb,4.417373215758998,6.043787612084467,12.559386950990001
insurance_autobi_loss,random,modest_positive,24,extra,3.4732172044572374,6.794176985406118,18.89459092943763
insurance_autobi_loss,random,modest_positive,24,linear,3.6160997652127276,4.7268881075681,10.348842682271181
insurance_autobi_loss,random,modest_positive,25,rf,3.6890002131237742,6.648478001873991,22.26231545904271
insurance_autobi_loss,random,modest_positive,25,hgb,4.075312902987386,6.663271231437068,21.602698298443297
insurance_autobi_loss,random,modest_positive,25,extra,3.5958567477456125,6.474288671463459,22.156161499392095
insurance_autobi_loss,random,modest_positive,25,linear,3.4256649677172626,5.9236434820929,20.93587617849845
insurance_autobi_loss,random,modest_positive,26,rf,3.3911413063335147,5.427872329440104,12.54272814040802
insurance_autobi_loss,random,modest_positive,26,hgb,4.5621104809679105,5.528647819752505,9.861491202800842
insurance_autobi_loss,random,modest_positive,26,extra,3.7225936204709824,5.536900706145709,12.408335823176275
insurance_autobi_loss,random,modest_positive,26,linear,3.753376780289259,4.390881801838494,7.755989345403313
insurance_autobi_loss,random,modest_positive,27,rf,3.4070136014899495,6.95789752764724,18.494051142911903
insurance_autobi_loss,random,modest_positive,27,hgb,3.959304249230139,5.805720938180226,14.160224569088697
insurance_autobi_loss,random,modest_positive,27,extra,2.775773835973651,6.202278940035268,18.636713119278056
insurance_autobi_loss,random,modest_positive,27,linear,3.65324473696893,4.7783811176030335,12.225546157735403
insurance_autobi_loss,random,modest_positive,28,rf,2.8398642004233494,4.665524203630397,10.879798082435375
insurance_autobi_loss,random,modest_positive,28,hgb,3.6826689586201167,4.697173831713889,8.728855469065236
insurance_autobi_loss,random,modest_positive,28,extra,3.0177481929003576,5.005483781022599,12.22980988959063
insurance_autobi_loss,random,modest_positive,28,linear,3.7863394826306056,4.508256364954675,7.614661598337278
insurance_autobi_loss,random,modest_positive,29,rf,3.20283782673904,6.916083291325809,24.568171901207847
insurance_autobi_loss,random,modest_positive,29,hgb,3.5278850455922273,6.915606583801865,24.101332192338912
insurance_autobi_loss,random,modest_positive,29,extra,3.407975781278097,6.64387383199605,24.013053440091586
insurance_autobi_loss,random,modest_positive,29,linear,3.1867399011415802,6.319645140383707,23.304387416266366
insurance_autobi_loss,random,modest_positive,30,rf,4.466592935953974,6.672197071515385,14.790833779043108
insurance_autobi_loss,random,modest_positive,30,hgb,4.976218663760698,6.169186655698668,10.92449152340999
insurance_autobi_loss,random,modest_positive,30,extra,5.005817080442508,6.965543824728182,15.657743136144735
insurance_autobi_loss,random,modest_positive,30,linear,4.400437879258367,5.287675859173402,8.758665937835769
fremtpl2_severity_raw,random,rescue_tie,1,rf,1650.8792160838182,4288.158425766667,45453.45198661421
fremtpl2_severity_raw,random,rescue_tie,1,hgb,2710.2074854702823,5424.247765122292,45602.10220726321
fremtpl2_severity_raw,random,rescue_tie,1,extra,1874.6642815754424,4829.408669066666,46608.8089541058
fremtpl2_severity_raw,random,rescue_tie,1,linear,2276.8196498331013,4162.993034600796,44934.88354039344
fremtpl2_severity_raw,random,rescue_tie,2,rf,1662.3295090983947,3608.571902333334,14164.780932668706
fremtpl2_severity_raw,random,rescue_tie,2,hgb,2824.423328163599,5693.406006375324,23299.202255265816
fremtpl2_severity_raw,random,rescue_tie,2,extra,2107.3789024379216,4735.281839266667,19344.871216828396
fremtpl2_severity_raw,random,rescue_tie,2,linear,2915.399463440097,3600.288000326231,10701.072044046745
fremtpl2_severity_raw,random,rescue_tie,3,rf,1709.7381841776598,5215.079633733334,60905.992393835855
fremtpl2_severity_raw,random,rescue_tie,3,hgb,2275.3268346421037,5575.640760700656,60737.69021286875
fremtpl2_severity_raw,random,rescue_tie,3,extra,1769.3446771432245,5231.6336077333335,60898.08240072583
fremtpl2_severity_raw,random,rescue_tie,3,linear,1733.966549678011,4916.7941704309105,60801.76414813313
fremtpl2_severity_raw,random,rescue_tie,4,rf,1701.5038833044255,3151.9783797666673,11442.541111485927
fremtpl2_severity_raw,random,rescue_tie,4,hgb,3052.870307412204,5405.482401918468,20269.92819956262
fremtpl2_severity_raw,random,rescue_tie,4,extra,2088.7925295963355,3890.148215966667,14874.289978364619
fremtpl2_severity_raw,random,rescue_tie,4,linear,3019.2339600580494,3434.09449516069,6957.024618905499
fremtpl2_severity_raw,random,rescue_tie,5,rf,1566.6053487004635,4458.281669666665,23339.97549516137
fremtpl2_severity_raw,random,rescue_tie,5,hgb,2619.951368746864,4783.625978980547,17777.59883089029
fremtpl2_severity_raw,random,rescue_tie,5,extra,1804.7854768425482,4727.823899533333,23173.36467098658
fremtpl2_severity_raw,random,rescue_tie,5,linear,2817.2830125010883,3749.186396583713,11888.429059913684
fremtpl2_severity_raw,random,rescue_tie,6,rf,1807.4863920819369,3817.6211920333335,16210.868017040126
fremtpl2_severity_raw,random,rescue_tie,6,hgb,2782.8528978742324,5459.495818253866,20859.528598910103
fremtpl2_severity_raw,random,rescue_tie,6,extra,1831.19015584236,3908.3026470666673,14786.211406309043
fremtpl2_severity_raw,random,rescue_tie,6,linear,2780.5578456983103,3717.881070785897,12138.290468862457
fremtpl2_severity_raw,random,rescue_tie,7,rf,1822.869472834645,4895.452551300002,45810.51775426615
fremtpl2_severity_raw,random,rescue_tie,7,hgb,2738.6187524290526,5297.436818636216,45703.53761884274
fremtpl2_severity_raw,random,rescue_tie,7,extra,1948.7914020792134,4694.318454700001,45676.33730602869
fremtpl2_severity_raw,random,rescue_tie,7,linear,2255.866038743696,4196.642582459922,44926.74465840684
fremtpl2_severity_raw,random,rescue_tie,8,rf,1827.7103744506824,3780.6505687000003,14772.147667592326
fremtpl2_severity_raw,random,rescue_tie,8,hgb,2699.1276655602414,4831.271960820127,17549.90220683236
fremtpl2_severity_raw,random,rescue_tie,8,extra,1959.3538316647575,3629.400614766667,13014.3499601012
fremtpl2_severity_raw,random,rescue_tie,8,linear,3151.253024468202,4070.3098184982514,11872.714482329464
fremtpl2_severity_raw,random,rescue_tie,9,rf,1862.061583221706,4132.840046533335,30680.80134337135
fremtpl2_severity_raw,random,rescue_tie,9,hgb,2913.473871780823,4704.784154248758,13901.071532101163
fremtpl2_severity_raw,random,rescue_tie,9,extra,2180.8585724998115,4701.464512166667,23604.387098613155
fremtpl2_severity_raw,random,rescue_tie,9,linear,2872.93716993629,3322.425545179371,8136.645174725559
fremtpl2_severity_raw,random,rescue_tie,10,rf,1752.1378016101394,4399.327816500001,42892.320231330414
fremtpl2_severity_raw,random,rescue_tie,10,hgb,2582.7912756151522,5067.252601818485,41505.53071260304
fremtpl2_severity_raw,random,rescue_tie,10,extra,1845.1701584005996,4630.361001833333,43141.062499965934
fremtpl2_severity_raw,random,rescue_tie,10,linear,2093.766993611338,4217.561027419131,42589.56219526284
fremtpl2_severity_raw,random,rescue_tie,11,rf,2035.5259914281437,5721.725926633334,48134.39734565517
fremtpl2_severity_raw,random,rescue_tie,11,hgb,2881.55984324081,6286.796847583525,47407.76846492132
fremtpl2_severity_raw,random,rescue_tie,11,extra,2109.036871526049,5003.126335066667,46062.383806666774
fremtpl2_severity_raw,random,rescue_tie,11,linear,2194.2240339217205,4152.171595647344,44923.260269541664
fremtpl2_severity_raw,random,rescue_tie,12,rf,1703.3655062908729,3472.243606533334,14348.93747082072
fremtpl2_severity_raw,random,rescue_tie,12,hgb,2663.3608137330393,4639.719034415704,15862.993373188583
fremtpl2_severity_raw,random,rescue_tie,12,extra,1712.8121219836337,3147.5581407666673,13850.868071305555
fremtpl2_severity_raw,random,rescue_tie,12,linear,2805.7437425687203,3608.275686325349,12447.878849087414
fremtpl2_severity_raw,random,rescue_tie,13,rf,1736.6689978382465,5551.487116933334,60900.64297540099
fremtpl2_severity_raw,random,rescue_tie,13,hgb,2479.3344370723703,5755.756394202592,60619.79247789011
fremtpl2_severity_raw,random,rescue_tie,13,extra,1932.5250872805673,5304.924173200001,60631.71936688603
fremtpl2_severity_raw,random,rescue_tie,13,linear,1754.7778765247974,4726.619296393231,60499.508594530955
fremtpl2_severity_raw,random,rescue_tie,14,rf,1765.6437318636608,5000.729691966668,46263.83718714379
fremtpl2_severity_raw,random,rescue_tie,14,hgb,2591.865302684451,5125.5332987107595,46208.446395986146
fremtpl2_severity_raw,random,rescue_tie,14,extra,1953.05408179811,4799.5220563,46594.34631860305
fremtpl2_severity_raw,random,rescue_tie,14,linear,2284.241970905909,4386.429295921284,45537.24240766257
fremtpl2_severity_raw,random,rescue_tie,15,rf,1827.688497053332,4328.235486100001,24691.398935877798
fremtpl2_severity_raw,random,rescue_tie,15,hgb,3112.975061414609,6774.366074101118,25141.825380572474
fremtpl2_severity_raw,random,rescue_tie,15,extra,2025.7982026748336,5374.698237933334,27364.3357865433
fremtpl2_severity_raw,random,rescue_tie,15,linear,3033.12840182202,3572.642958831033,8476.529856161573
fremtpl2_severity_raw,random,rescue_tie,16,rf,1750.485167768986,4259.113665466668,27978.516985758644
fremtpl2_severity_raw,random,rescue_tie,16,hgb,2721.1326912135282,4973.828060954168,17920.35845082398
fremtpl2_severity_raw,random,rescue_tie,16,extra,1917.0625855668598,4693.618157233334,23707.882447922824
fremtpl2_severity_raw,random,rescue_tie,16,linear,2949.1560124292987,4028.2543184828296,13528.01064080016
fremtpl2_severity_raw,random,rescue_tie,17,rf,1809.4308445493477,5934.935344933333,61495.70981724879
fremtpl2_severity_raw,random,rescue_tie,17,hgb,2166.4641016514215,5735.934825964465,61398.14754883248
fremtpl2_severity_raw,random,rescue_tie,17,extra,1806.6714912998123,5486.367183833333,61181.68287702055
fremtpl2_severity_raw,random,rescue_tie,17,linear,1734.3548584977575,5078.680656817522,61123.528237498154
fremtpl2_severity_raw,random,rescue_tie,18,rf,1661.8136524522681,4488.6901830666675,45840.10623299135
fremtpl2_severity_raw,random,rescue_tie,18,hgb,2493.2876773977637,5220.543859004775,46351.30704181212
fremtpl2_severity_raw,random,rescue_tie,18,extra,1901.9856033598205,4749.108437333334,46354.943402822486
fremtpl2_severity_raw,random,rescue_tie,18,linear,2201.283035293294,4526.600406081897,45596.74046707629
fremtpl2_severity_raw,random,rescue_tie,19,rf,1860.4448602252992,5383.906018999999,43453.123090392815
fremtpl2_severity_raw,random,rescue_tie,19,hgb,2960.0937843035626,5981.677423727628,42850.857247563246
fremtpl2_severity_raw,random,rescue_tie,19,extra,1900.9546254240506,5842.690701333335,45661.454907148276
fremtpl2_severity_raw,random,rescue_tie,19,linear,2190.09830912404,4422.5015410510005,42341.97273237123
fremtpl2_severity_raw,random,rescue_tie,20,rf,1854.9271246208189,4155.168872733334,44926.0613775023
fremtpl2_severity_raw,random,rescue_tie,20,hgb,2811.837852010812,5255.579132354129,45431.608636044235
fremtpl2_severity_raw,random,rescue_tie,20,extra,2068.6159906376515,4538.783130566667,45190.85474904403
fremtpl2_severity_raw,random,rescue_tie,20,linear,2327.263941352046,3999.1230244629187,44559.53584278096
fremtpl2_severity_raw,random,rescue_tie,21,rf,2023.5000894531356,5641.679548300001,46457.151133496045
fremtpl2_severity_raw,random,rescue_tie,21,hgb,2798.9555866098394,5968.027456130352,43311.8437563867
fremtpl2_severity_raw,random,rescue_tie,21,extra,1900.5094686313585,5512.724980399999,45505.73327234497
fremtpl2_severity_raw,random,rescue_tie,21,linear,2185.200911641067,4361.9057573735845,42486.84548051562
fremtpl2_severity_raw,random,rescue_tie,22,rf,1798.3438575588968,4761.652743333334,19994.809404136853
fremtpl2_severity_raw,random,rescue_tie,22,hgb,2667.2787176270817,5217.641955325535,20184.006951770083
fremtpl2_severity_raw,random,rescue_tie,22,extra,2131.2817194649238,4240.392682666667,15409.45463243959
fremtpl2_severity_raw,random,rescue_tie,22,linear,3023.768689862853,3647.552178100058,11066.503031960347
fremtpl2_severity_raw,random,rescue_tie,23,rf,1677.8767984927244,3947.6341417333333,16419.54367677555
fremtpl2_severity_raw,random,rescue_tie,23,hgb,2655.7336891151704,5439.988886174232,21345.241583705512
fremtpl2_severity_raw,random,rescue_tie,23,extra,1822.5323375895086,4354.161121933334,18020.78489720176
fremtpl2_severity_raw,random,rescue_tie,23,linear,2978.941842017218,4207.443425590847,15120.61742112658
fremtpl2_severity_raw,random,rescue_tie,24,rf,1973.8310658554153,4626.011322566667,45898.19758925498
fremtpl2_severity_raw,random,rescue_tie,24,hgb,2814.0462234357606,5385.711166112134,46056.98991200553
fremtpl2_severity_raw,random,rescue_tie,24,extra,2018.1396885431668,4511.489358433334,45525.121918413846
fremtpl2_severity_raw,random,rescue_tie,24,linear,2243.193133431707,4135.902832206677,45160.27321037562
fremtpl2_severity_raw,random,rescue_tie,25,rf,1755.848900934665,4075.728567833335,24863.70717398936
fremtpl2_severity_raw,random,rescue_tie,25,hgb,2654.1953471912716,4538.595022362906,15581.132790076046
fremtpl2_severity_raw,random,rescue_tie,25,extra,1866.7069594659786,4769.414559700001,26423.40213780403
fremtpl2_severity_raw,random,rescue_tie,25,linear,2996.5453235721616,3808.9614642459705,11484.145330863625
fremtpl2_severity_raw,random,rescue_tie,26,rf,1626.142957328572,4278.525996766667,45216.68222489612
fremtpl2_severity_raw,random,rescue_tie,26,hgb,2616.7579541629784,5321.500863548628,46100.887325306496
fremtpl2_severity_raw,random,rescue_tie,26,extra,2025.3822230258545,4477.759951066667,45155.24511962798
fremtpl2_severity_raw,random,rescue_tie,26,linear,2276.478482829056,4285.653236037465,44856.578214772606
fremtpl2_severity_raw,random,rescue_tie,27,rf,1817.4117045572316,4507.169054633336,31224.938015926786
fremtpl2_severity_raw,random,rescue_tie,27,hgb,2912.3797976012142,5522.264807360452,20761.538632347976
fremtpl2_severity_raw,random,rescue_tie,27,extra,1932.0473825485094,4034.9997174666664,20247.36312325461
fremtpl2_severity_raw,random,rescue_tie,27,linear,3130.632822504695,3744.503056642616,9787.971359519825
fremtpl2_severity_raw,random,rescue_tie,28,rf,1707.3892067719669,4832.1011572,44752.85151163739
fremtpl2_severity_raw,random,rescue_tie,28,hgb,2697.9429004857807,5337.010661295089,42672.965871145854
fremtpl2_severity_raw,random,rescue_tie,28,extra,1848.304214213057,4882.185316133334,43055.05463811982
fremtpl2_severity_raw,random,rescue_tie,28,linear,2192.4780134892944,4268.131611913432,42242.649169941506
fremtpl2_severity_raw,random,rescue_tie,29,rf,1713.089588671086,3250.3401820000004,12562.705931398277
fremtpl2_severity_raw,random,rescue_tie,29,hgb,2685.1880371758157,5113.199166587821,18545.022222779677
fremtpl2_severity_raw,random,rescue_tie,29,extra,2044.6523941954804,4159.3916875333325,18022.52974769068
fremtpl2_severity_raw,random,rescue_tie,29,linear,2939.4049831259526,3584.568024320457,10954.694462220303
fremtpl2_severity_raw,random,rescue_tie,30,rf,1523.3854054401224,3371.911986266666,14001.474229271447
fremtpl2_severity_raw,random,rescue_tie,30,hgb,2506.5187408352153,5560.589145691769,21767.326415032403
fremtpl2_severity_raw,random,rescue_tie,30,extra,1936.0998163431614,4637.271720700001,18722.651198032323
fremtpl2_severity_raw,random,rescue_tie,30,linear,2887.7015924146112,4058.537857331977,13356.88562579588
sru_y2_static,blocked,tie_control,1,rf,0.09408817032422187,0.0919397486062391,0.10776834275255741
sru_y2_static,blocked,tie_control,1,hgb,0.07392167613358733,0.07274811163733176,0.08940482209097063
sru_y2_static,blocked,tie_control,1,extra,0.06992345891162786,0.07118133371490586,0.08514436578634269
sru_y2_static,blocked,tie_control,1,linear,0.03680696684377598,0.043617410559952996,0.06462419457091938
sru_y2_static,blocked,tie_control,2,rf,0.03912700798686524,0.04254095670293888,0.06357884629656242
sru_y2_static,blocked,tie_control,2,hgb,0.040208942743402046,0.04202322307498882,0.06025989863000719
sru_y2_static,blocked,tie_control,2,extra,0.03928080905574458,0.039849636462255596,0.05762445911911292
sru_y2_static,blocked,tie_control,2,linear,0.029992237083161732,0.03070522416074239,0.03646105977249524
sru_y2_static,blocked,tie_control,3,rf,0.04329388650763684,0.04778807130437229,0.06854465194295332
sru_y2_static,blocked,tie_control,3,hgb,0.04507696271572422,0.049913626306081274,0.07306260216806348
sru_y2_static,blocked,tie_control,3,extra,0.03977562530339777,0.04473916455758341,0.06546742688693374
sru_y2_static,blocked,tie_control,3,linear,0.03563706748355532,0.038778545378436856,0.05569547318234241
sru_y2_static,blocked,tie_control,4,rf,0.0479812224728727,0.050497850579283354,0.0698938531844015
sru_y2_static,blocked,tie_control,4,hgb,0.04020492782229142,0.04531885114006928,0.06640269229668795
sru_y2_static,blocked,tie_control,4,extra,0.03961657295082017,0.04447736565192784,0.06642589225359607
sru_y2_static,blocked,tie_control,4,linear,0.06194964252495309,0.0667139767633787,0.09067928454487341
sru_y2_static,blocked,tie_control,5,rf,0.050806711965246144,0.05067118865692775,0.06802731180897478
sru_y2_static,blocked,tie_control,5,hgb,0.04736403623275577,0.047894894089200835,0.06291518774957863
sru_y2_static,blocked,tie_control,5,extra,0.06434986547988596,0.06458216033096666,0.08236767629886488
sru_y2_static,blocked,tie_control,5,linear,0.0321624389385899,0.03863940573558259,0.06544258791489604
concrete,random,loss_control,1,rf,3.1903274798306662,3.2537513543988683,4.32985128845772
concrete,random,loss_control,1,hgb,2.9529084617730166,3.0003247840157186,4.002660212529895
concrete,random,loss_control,1,extra,2.95299821993016,2.9423700320023762,4.23248975775158
concrete,random,loss_control,1,linear,8.056628459104108,8.09714740520456,10.095185377405585
concrete,random,loss_control,2,rf,3.277785997572251,3.454115613577607,4.725072565138201
concrete,random,loss_control,2,hgb,2.7528688541339217,2.935902082188736,4.156943394100167
concrete,random,loss_control,2,extra,2.7735142320171797,2.9486754860257864,4.30688746350109
concrete,random,loss_control,2,linear,8.344961933009689,8.626857233521749,10.721393456690057
concrete,random,loss_control,3,rf,3.604103500361758,3.7598691751627076,5.4954543401906895
concrete,random,loss_control,3,hgb,2.9739696517771197,3.1589691694639686,4.5653985598091
concrete,random,loss_control,3,extra,3.2008306776790496,3.390475823912334,5.3033802218646215
concrete,random,loss_control,3,linear,8.177771037869718,8.234980460047316,10.64423551376718
concrete,random,loss_control,4,rf,2.9000814215551154,2.9647795113043065,4.198467140852306
concrete,random,loss_control,4,hgb,2.62505011586283,2.77915334232213,3.9569904136716234
concrete,random,loss_control,4,extra,2.7240069336204034,2.8052841955629786,4.182121062620851
concrete,random,loss_control,4,linear,8.268349150733435,8.353764816505604,10.615702777557297
concrete,random,loss_control,5,rf,3.0823048240904067,3.314962066177354,5.07943692409602
concrete,random,loss_control,5,hgb,2.664950390819427,2.9436700015867183,4.634005029093413
concrete,random,loss_control,5,extra,2.8738417089862778,2.999596783114645,5.009694024759112
concrete,random,loss_control,5,linear,8.442290808123497,8.557823556257084,10.722658473832606
concrete,random,loss_control,6,rf,3.359123379813073,3.39635358566848,4.572406449574204
concrete,random,loss_control,6,hgb,2.9800439167704047,3.1440564806588505,4.449603440428909
concrete,random,loss_control,6,extra,3.0772177274360937,3.1100919353996805,4.584462933202945
concrete,random,loss_control,6,linear,8.426188721693396,8.492956127654566,10.685500389836841
concrete,random,loss_control,7,rf,3.0384175825272894,3.1492680227472682,4.282218005925506
concrete,random,loss_control,7,hgb,2.6363833985866503,2.801435710006747,4.002802800954912
concrete,random,loss_control,7,extra,2.717086069978521,2.8386077892973334,4.25273877391963
concrete,random,loss_control,7,linear,7.899897312580003,8.04114388087089,10.454389693143224
concrete,random,loss_control,8,rf,3.368581404734302,3.576820380705287,5.103610258226884
concrete,random,loss_control,8,hgb,2.7413920044251627,3.037186240379344,4.6011834151124
concrete,random,loss_control,8,extra,2.478320931668382,2.731837989546765,4.377881803091361
concrete,random,loss_control,8,linear,8.797506079785729,8.803523741208757,11.079166358742263
concrete,random,loss_control,9,rf,2.959257488228334,3.297144730785025,5.0077364691849
concrete,random,loss_control,9,hgb,2.713995281159057,3.0182214222363064,4.670027758892644
concrete,random,loss_control,9,extra,2.456031279649932,2.7270245498464316,4.5506898990186055
concrete,random,loss_control,9,linear,7.815599592703593,8.095331275421476,10.16911809183965
concrete,random,loss_control,10,rf,3.0621954969667957,3.180009432745154,4.384523374393421
concrete,random,loss_control,10,hgb,2.5674447072619344,2.75214695332544,4.005118696128194
concrete,random,loss_control,10,extra,2.559467163944049,2.6622261180273665,4.0565892449017396
concrete,random,loss_control,10,linear,8.886123106643701,8.927077833512127,11.086132363693569
concrete,random,loss_control,11,rf,3.3614564787494166,3.684946727190786,5.465202182477122
concrete,random,loss_control,11,hgb,2.93280390084834,3.3017685547740356,4.996690313046863
concrete,random,loss_control,11,extra,3.0597116072392145,3.3058673344449985,5.126339091561089
concrete,random,loss_control,11,linear,8.557332706312533,8.688237589416525,10.953214072120016
concrete,random,loss_control,12,rf,3.193943618222373,3.5149044591891587,5.20811034742101
concrete,random,loss_control,12,hgb,2.5594306496875245,2.946384968663478,4.53395776058278
concrete,random,loss_control,12,extra,2.981187148110371,3.1405675526056216,4.784367576209048
concrete,random,loss_control,12,linear,7.584747169431838,7.811922924787363,9.947553236547783
concrete,random,loss_control,13,rf,3.617406791223573,3.7620557308063316,5.456021334064663
concrete,random,loss_control,13,hgb,2.8661817301381594,3.158698350724313,4.744322871959142
concrete,random,loss_control,13,extra,3.123283462999568,3.2154981833678042,5.0056149735457325
concrete,random,loss_control,13,linear,8.369406968730098,8.501268957319102,10.598723577346798
concrete,random,loss_control,14,rf,3.1759422854816832,3.266499121195507,4.418547993449614
concrete,random,loss_control,14,hgb,2.7493334969353276,2.8792924932155457,4.036698863741142
concrete,random,loss_control,14,extra,2.652017239889515,2.7883153866444115,4.226846049646782
concrete,random,loss_control,14,linear,8.437209751201355,8.603959101644222,10.67300315900444
concrete,random,loss_control,15,rf,3.50856071049498,3.6149734173035912,5.27525740130343
concrete,random,loss_control,15,hgb,2.8674245876247277,3.08438198503034,4.726015977459878
concrete,random,loss_control,15,extra,2.9073322202914973,3.0454786341294207,4.791846159468612
concrete,random,loss_control,15,linear,8.176967450669062,8.256363654625389,10.189151653893697
concrete,random,loss_control,16,rf,3.271810406112197,3.6327248995004866,5.298850756553623
concrete,random,loss_control,16,hgb,2.9343998954300754,3.341543373669994,5.163457500061174
concrete,random,loss_control,16,extra,3.104550601708563,3.344231873270996,5.2238571115129115
concrete,random,loss_control,16,linear,8.512407277591898,8.646529313932538,10.862349753555472
concrete,random,loss_control,17,rf,3.189419007254694,3.487062335754307,5.0162318606856795
concrete,random,loss_control,17,hgb,2.767079471536557,3.044779686538677,4.580773286232613
concrete,random,loss_control,17,extra,2.8536521646954545,3.017915359946772,4.627055757026152
concrete,random,loss_control,17,linear,8.088111342227936,8.168604576101956,10.274403685386085
concrete,random,loss_control,18,rf,3.096813570733182,3.0737770437275516,4.169430720737439
concrete,random,loss_control,18,hgb,2.848579354087192,2.890442903149517,3.909305166255255
concrete,random,loss_control,18,extra,2.896024127968429,2.862659983555375,4.248481737579638
concrete,random,loss_control,18,linear,8.326641695308318,8.366033982118129,10.399650775288826
concrete,random,loss_control,19,rf,3.2274830869582187,3.606242813424536,5.546739329405874
concrete,random,loss_control,19,hgb,2.6129336199623037,3.0241552262725877,4.8313429957192815
concrete,random,loss_control,19,extra,2.710925850388611,3.0082348535788697,5.209343996596697
concrete,random,loss_control,19,linear,8.660768817834693,8.72856330500123,10.990809791496325
concrete,random,loss_control,20,rf,3.3967959717635408,3.660721395456089,5.24160444173053
concrete,random,loss_control,20,hgb,2.7368638931909315,3.0311065394151435,4.656944996746202
concrete,random,loss_control,20,extra,2.733647210094642,2.993300146649511,4.887677770621012
concrete,random,loss_control,20,linear,8.756073296363988,8.92209685494453,11.135152333673336
concrete,random,loss_control,21,rf,3.2864688835118105,3.564523422802486,5.508404305442749
concrete,random,loss_control,21,hgb,2.683211071811122,3.0641108016900858,5.103065075391533
concrete,random,loss_control,21,extra,3.210451589149194,3.4287408001896824,5.69010488225898
concrete,random,loss_control,21,linear,8.317919810252658,8.436304565864997,10.722914504887092
concrete,random,loss_control,22,rf,3.2327860223604925,3.362091415358793,4.807983959891293
concrete,random,loss_control,22,hgb,2.9331992242494533,3.104086641518098,4.4626167771455645
concrete,random,loss_control,22,extra,2.7294030332688375,2.9041379189123795,4.476652037685344
concrete,random,loss_control,22,linear,8.16639026487029,8.335497279453394,10.746047575888984
concrete,random,loss_control,23,rf,3.3853579495109507,3.4547974898262734,4.8515626638190135
concrete,random,loss_control,23,hgb,2.9243007277584008,3.047036649778947,4.324179301412804
concrete,random,loss_control,23,extra,2.8561581738694337,2.928433366134041,4.52142760985186
concrete,random,loss_control,23,linear,8.403860053598747,8.46441346440834,10.57870078046811
concrete,random,loss_control,24,rf,3.1792020494244,3.4924741910335118,5.317690477379591
concrete,random,loss_control,24,hgb,2.598561975634633,2.9134619021847987,4.316968747367255
concrete,random,loss_control,24,extra,2.960401570082064,3.3057053923715096,5.811483447870526
concrete,random,loss_control,24,linear,8.215330320590033,8.329340094454492,10.480630368437271
concrete,random,loss_control,25,rf,3.100837296962022,3.181271693576076,4.5083626488900235
concrete,random,loss_control,25,hgb,2.5923932123714244,2.7655934281798933,4.030722288489
concrete,random,loss_control,25,extra,2.6497243360986142,2.733573086841189,4.304410113249653
concrete,random,loss_control,25,linear,7.752756785655671,7.935319335624881,10.079233821495388
concrete,random,loss_control,26,rf,3.051039895516111,3.1359153619174767,4.430923424547832
concrete,random,loss_control,26,hgb,2.5580350789493598,2.7524380291086374,3.9868301994162314
concrete,random,loss_control,26,extra,2.756937484305132,2.8295875216716175,4.234892097742861
concrete,random,loss_control,26,linear,8.029995674624656,8.008132238955927,10.2219585825346
concrete,random,loss_control,27,rf,3.0185481598103863,3.2055836450012687,4.5517256892960685
concrete,random,loss_control,27,hgb,2.639076330422098,2.885024219188009,4.316216091947819
concrete,random,loss_control,27,extra,2.8385671765702822,2.906419440125583,4.443505034299303
concrete,random,loss_control,27,linear,7.714763479219694,7.872213104843589,10.056894424952247
concrete,random,loss_control,28,rf,2.8643170109346054,3.2206391597925554,4.767196196320132
concrete,random,loss_control,28,hgb,2.52890878603736,2.863965415027773,4.2487103340419345
concrete,random,loss_control,28,extra,2.860462350197816,3.0220945427976114,4.820438635085106
concrete,random,loss_control,28,linear,8.31187830465698,8.47593415341086,10.884369475894237
concrete,random,loss_control,29,rf,3.13204789313531,3.227753972910076,4.411880979386794
concrete,random,loss_control,29,hgb,2.732013946909212,2.876659442555418,3.9147911104094857
concrete,random,loss_control,29,extra,2.799353467859514,2.8046492744318714,4.119959472575804
concrete,random,loss_control,29,linear,8.143423358334353,8.299052499105482,10.290483002209147
concrete,random,loss_control,30,rf,3.4562950505678316,3.6479801229334745,5.1913937164639306
concrete,random,loss_control,30,hgb,2.8200541865309185,3.0265289882846136,4.569279168811746
concrete,random,loss_control,30,extra,2.986808544350581,3.270064042784129,5.106136287929053
concrete,random,loss_control,30,linear,8.071032404279789,8.299144460372304,10.455960737623935
