"dataset","protocol","method","trmse_med","mae_med","rmse_med","trmse_iqr"
"sru_y1_static","blocked","auto",0.0255816797091003,0.0792714358060303,0.139367850294412,0.0124976741384263
"sru_y1_static","blocked","auto-weak",0.0220690369579628,0.0255142196174935,0.0393222114220965,0.000182282411800815
"sru_y1_static","blocked","WPMM2",0.0196825516217436,0.022944421992553,0.0363257190133377,0.00289137752501121
"sru_y1_static","blocked","WPMM3",0.0216132505232532,0.0274339916460616,0.0409016450256127,0.000921660374332365
"sru_y1_static","blocked","LSE",0.0242871422413096,0.0359218280087977,0.0453665333680337,0.0161037179137275
"sru_y1_static","blocked","ridge-LSE",0.0259871917610005,0.0271210043761756,0.0410970787310306,0.0170205078326985
"sru_y1_static","blocked","Huber",0.0198986502639766,0.0289196182679262,0.0392194866746973,0.00733938359520398
"sru_y1_static","blocked","L1",0.0235139390452773,0.0329909905578304,0.0451309602165832,0.00581250994523193
"sru_y1_static","random","auto",0.019050002295573,0.024123547618614,0.0535216879076178,0.000964020672823161
"sru_y1_static","random","auto-weak",0.0178732953579211,0.0238517101158158,0.0571246474393554,0.000725364019583247
"sru_y1_static","random","WPMM2",0.0179818142863873,0.0241108254771135,0.057589275138988,0.000555063461455275
"sru_y1_static","random","WPMM3",0.0176887234629161,0.023878384447554,0.0566023626501499,0.000581070646742725
"sru_y1_static","random","LSE",0.0197020448899581,0.0243421873821175,0.0529324531880324,0.00120548287653804
"sru_y1_static","random","ridge-LSE",0.0195727547335152,0.024307390981767,0.0519814135430446,0.000856273204690526
"sru_y1_static","random","Huber",0.0176418013112537,0.0236114765569185,0.0553614504456402,0.000568725994108791
"sru_y1_static","random","L1",0.0178326133985091,0.0236077100903293,0.0564037963510849,0.000628724518969833
"sru_y1_dynamic","blocked","auto",0.00349826349755511,0.00551181825258859,0.0148091678151505,0.00148858063688187
"sru_y1_dynamic","blocked","auto-weak",0.00174194761951611,0.00371375070386032,0.0153086552405435,0.000380914194212342
"sru_y1_dynamic","blocked","WPMM2",0.00172336259631574,0.00367158922066676,0.015346860761579,0.000334517152480619
"sru_y1_dynamic","blocked","WPMM3",0.00205913480584127,0.00458009040836328,0.0156520441231609,0.00144610362720762
"sru_y1_dynamic","blocked","LSE",0.00385972228688326,0.00526521341334561,0.0124444230619304,0.000958156108715985
"sru_y1_dynamic","blocked","ridge-LSE",0.00307266286518137,0.00472018866414453,0.012378843873322,0.000399882398239457
"sru_y1_dynamic","blocked","Huber",0.00204099104723984,0.00370673792082451,0.0136439405431685,0.00155759957306264
"sru_y1_dynamic","blocked","L1",0.00313133965889084,0.00445034405963389,0.015397553065004,0.00118701860286622
"sru_y1_dynamic","random","auto",0.00295209170344678,0.00475239832540802,0.0155741773819789,0.000767256177103851
"sru_y1_dynamic","random","auto-weak",0.00214930436923566,0.00406870412200269,0.0157756343362836,0.00116850257865301
"sru_y1_dynamic","random","WPMM2",0.00209858457480401,0.00424494479279987,0.0149528966309159,0.00133867204021774
"sru_y1_dynamic","random","WPMM3",0.00190229270006538,0.00400062475125178,0.0148344086226538,0.00128456909773929
"sru_y1_dynamic","random","LSE",0.00266076480323328,0.00465406138743839,0.0155673221662151,0.000366359864643901
"sru_y1_dynamic","random","ridge-LSE",0.00267576004401792,0.00457314625082082,0.0156217937346257,0.000831635936313254
"sru_y1_dynamic","random","Huber",0.00277911789536193,0.00430587691061203,0.0141490451338534,0.00130825696938852
"sru_y1_dynamic","random","L1",0.00213342044693169,0.0039847295168793,0.0139922132935279,0.00137708607766249
"sru_y2_static","blocked","auto",0.0337454278841726,0.0379876560110322,0.0659350872722117,0.0803887676965046
"sru_y2_static","blocked","auto-weak",0.0468838665766645,0.0505733679219049,0.0725865721898992,0.0367079821224967
"sru_y2_static","blocked","WPMM2",0.0339246327649783,0.0398877650174384,0.0673706348646199,0.0448573364309039
"sru_y2_static","blocked","WPMM3",0.033636094642809,0.0384628328084606,0.0662309175178888,0.00500366070474444
"sru_y2_static","blocked","LSE",0.0335670924476909,0.0377239308790443,0.0620018347720993,0.00730059097131845
"sru_y2_static","blocked","ridge-LSE",0.0338981923354636,0.0400376077767779,0.0667840903128664,0.0428720226648712
"sru_y2_static","blocked","Huber",0.0373860802198495,0.161995190808573,0.761354074457462,0.0900147930735443
"sru_y2_static","blocked","L1",0.034747265344947,0.0412506054294072,0.0673750509827053,0.00955405923968498
"sru_y2_static","random","auto",0.0296464575754806,0.0331464935214762,0.049054458257597,0.000961657223661604
"sru_y2_static","random","auto-weak",0.0286371825444977,0.0325278974950146,0.0510248792318337,0.000983259497029768
"sru_y2_static","random","WPMM2",0.0287400582988846,0.0326691963576716,0.0509235120399172,0.00112185130174198
"sru_y2_static","random","WPMM3",0.028817530382284,0.0325409856188207,0.0507006549845334,0.0010989553148793
"sru_y2_static","random","LSE",0.0298308789005671,0.0332787776754941,0.0490288154669203,0.00135624942520323
"sru_y2_static","random","ridge-LSE",0.0298083166781558,0.0332179420345053,0.0502810522807964,0.00130924919332985
"sru_y2_static","random","Huber",0.029096474467649,0.0328740326000486,0.0502856375387926,0.00120943356208127
"sru_y2_static","random","L1",0.0288178378742555,0.0323642128803175,0.0503575671268056,0.000954037927435727
"gas_turbine_co_2015_raw","blocked","auto",0.764917763818818,0.817310218092612,1.54177849468024,0.170497100677796
"gas_turbine_co_2015_raw","blocked","auto-weak",0.78612514031728,0.854243363697533,1.37868652702094,0.0953961755413245
"gas_turbine_co_2015_raw","blocked","WPMM2",0.695999893769669,0.828172366532754,1.52165726735126,0.154790489967023
"gas_turbine_co_2015_raw","blocked","WPMM3",0.612452662072302,0.68787700957606,1.32684242090727,0.190022030323198
"gas_turbine_co_2015_raw","blocked","LSE",0.827220196555343,0.911494081334327,1.46036275347327,0.0754770720286178
"gas_turbine_co_2015_raw","blocked","ridge-LSE",0.697573855100437,0.8873409776502,1.73002891905322,0.174949915850567
"gas_turbine_co_2015_raw","blocked","Huber",0.681531551269458,0.780164392850121,1.35992078126481,0.130781712358813
"gas_turbine_co_2015_raw","blocked","L1",0.689515663330319,0.764112785571224,1.31420891048971,0.2046562132533
"gas_turbine_co_2015_raw","random","auto",0.539484795187188,0.634342975361107,1.17236319536609,0.0255338388962133
"gas_turbine_co_2015_raw","random","auto-weak",0.516799287871051,0.617964319013492,1.21765893634035,0.0206693174135896
"gas_turbine_co_2015_raw","random","WPMM2",0.521926699391332,0.623638168185189,1.16189114842334,0.0276835661511166
"gas_turbine_co_2015_raw","random","WPMM3",0.517832397535178,0.610580059358056,1.17086160596473,0.0230388625737243
"gas_turbine_co_2015_raw","random","LSE",0.541187393570373,0.63516977305648,1.18725375248105,0.011380018896449
"gas_turbine_co_2015_raw","random","ridge-LSE",0.544694388721267,0.637917665420269,1.18595975262153,0.0247936983649865
"gas_turbine_co_2015_raw","random","Huber",0.520228308975563,0.609912853451687,1.18661574479395,0.0168638735631179
"gas_turbine_co_2015_raw","random","L1",0.52265182813711,0.622014179073702,1.17087206137328,0.0300468794523865
"gas_turbine_nox_2015_raw","blocked","auto",3.81897592251371,4.38460382188017,6.48754797733823,1.32969843157337
"gas_turbine_nox_2015_raw","blocked","auto-weak",3.1494544629684,3.66331463415842,5.50098665440546,0.447482471463089
"gas_turbine_nox_2015_raw","blocked","WPMM2",3.55398017544247,4.21049707582728,5.91350170481812,0.884562829133502
"gas_turbine_nox_2015_raw","blocked","WPMM3",3.54186400578454,3.91115792501604,5.73493417737273,0.861564199327172
"gas_turbine_nox_2015_raw","blocked","LSE",3.73203032684746,4.10809410046024,5.83498087914079,2.55295938467297
"gas_turbine_nox_2015_raw","blocked","ridge-LSE",3.70377755025706,4.0474687558719,5.51629365919263,0.518732526497932
"gas_turbine_nox_2015_raw","blocked","Huber",3.71402492109193,4.35297050933428,6.72849078574244,2.37389474055087
"gas_turbine_nox_2015_raw","blocked","L1",3.74669322185215,4.06073542267778,5.59582253260244,0.95965431190323
"gas_turbine_nox_2015_raw","random","auto",3.39133622779028,3.69511836713172,5.29415803756615,0.113578622122132
"gas_turbine_nox_2015_raw","random","auto-weak",3.35589542509186,3.67531617142981,5.32223797243797,0.108417169828047
"gas_turbine_nox_2015_raw","random","WPMM2",3.33448490373751,3.7247025738222,5.5363166574106,0.113200258579513
"gas_turbine_nox_2015_raw","random","WPMM3",3.32326390719663,3.68326730255479,5.53338238149176,0.0956554026719942
"gas_turbine_nox_2015_raw","random","LSE",3.5445119256956,3.74606242145844,5.16901752976722,0.0760959534655692
"gas_turbine_nox_2015_raw","random","ridge-LSE",3.54381751639868,3.77817301211556,5.25487935760019,0.0686005621701478
"gas_turbine_nox_2015_raw","random","Huber",3.3630969272372,3.6503391245451,5.23946221831176,0.111264344476249
"gas_turbine_nox_2015_raw","random","L1",3.33678305038225,3.61935660227151,5.28328917778986,0.099509717683953
