"dataset","g4","method","trmse_med"
"Volve_ob_2000_2080",26.2313015153555,"LSE",0.0581472445554372
"Volve_ob_2000_2080",26.2313015153555,"Huber",0.0157465282543276
"Volve_ob_2000_2080",26.2313015153555,"L1",0.0164488885631642
"Volve_ob_2000_2080",26.2313015153555,"WPMM2",0.018630655694688
"Volve_ob_2000_2080",26.2313015153555,"WPMM3",0.0178274999533017
"Volve_ob_2000_2080",26.2313015153555,"PATP2",0.0204642976316855
"Volve_ob_2000_2080",26.2313015153555,"PATP3",0.0180404646292527
"Volve_ob_2000_2080",26.2313015153555,"PATPs3",0.0174971707517073
"Volve_real_heavy",25.3643362438686,"LSE",0.0176119516025393
"Volve_real_heavy",25.3643362438686,"Huber",0.00143177123090656
"Volve_real_heavy",25.3643362438686,"L1",0.00146402690703958
"Volve_real_heavy",25.3643362438686,"WPMM2",0.00147729020895464
"Volve_real_heavy",25.3643362438686,"WPMM3",0.00147032685634766
"Volve_real_heavy",25.3643362438686,"PATP2",0.00153052617712581
"Volve_real_heavy",25.3643362438686,"PATP3",0.00181958253321425
"Volve_real_heavy",25.3643362438686,"PATPs3",0.00176517045453482
"FORGE56_6796",288.126910021876,"LSE",0.0486396351903312
"FORGE56_6796",288.126910021876,"Huber",0.0388567335132644
"FORGE56_6796",288.126910021876,"L1",0.0390679797144371
"FORGE56_6796",288.126910021876,"WPMM2",0.0381424620723914
"FORGE56_6796",288.126910021876,"WPMM3",0.0381206763287411
"FORGE56_6796",288.126910021876,"PATP2",0.0391919336873808
"FORGE56_6796",288.126910021876,"PATP3",0.039303222309991
"FORGE56_6796",288.126910021876,"PATPs3",0.0398220919425268
"FORGE56_6526",310.866201736445,"LSE",0.0711671102997261
"FORGE56_6526",310.866201736445,"Huber",0.0476751327787664
"FORGE56_6526",310.866201736445,"L1",0.0475473079900702
"FORGE56_6526",310.866201736445,"WPMM2",0.0474552408763999
"FORGE56_6526",310.866201736445,"WPMM3",0.0470638298673785
"FORGE56_6526",310.866201736445,"PATP2",0.0487663453172706
"FORGE56_6526",310.866201736445,"PATP3",0.0490903304357808
"FORGE56_6526",310.866201736445,"PATPs3",0.0514752200591646
"FORGE58_full",2.62184453421994,"LSE",0.471502603209452
"FORGE58_full",2.62184453421994,"Huber",0.459011174275869
"FORGE58_full",2.62184453421994,"L1",0.454222222566699
"FORGE58_full",2.62184453421994,"WPMM2",0.457885334247972
"FORGE58_full",2.62184453421994,"WPMM3",0.45383237223249
"FORGE58_full",2.62184453421994,"PATP2",0.461306870451078
"FORGE58_full",2.62184453421994,"PATP3",0.463854328438177
"FORGE58_full",2.62184453421994,"PATPs3",0.4597396697514
"FORGE78b_10sec",1.43844677978345,"LSE",1.02030668882335
"FORGE78b_10sec",1.43844677978345,"Huber",1.01457093153066
"FORGE78b_10sec",1.43844677978345,"L1",1.04639137441789
"FORGE78b_10sec",1.43844677978345,"WPMM2",1.01108433007409
"FORGE78b_10sec",1.43844677978345,"WPMM3",1.0059156695674
"FORGE78b_10sec",1.43844677978345,"PATP2",1.01193628177345
"FORGE78b_10sec",1.43844677978345,"PATP3",1.01116420650301
"FORGE78b_10sec",1.43844677978345,"PATPs3",1.0203028653616
