"dataset","method","family","med_trmse","med_mae","med_rmse"
"boot_motor_accel","auto","PMM",18.0602,19.2974,25.4148
"boot_motor_accel","auto-weak","PMM",18.4084,20.3157,27.1984
"boot_motor_accel","WPMM2","PMM",19.7934,21.8053,29.4039
"boot_motor_accel","WPMM3","PMM",19.8727,20.9849,28.6403
"boot_motor_accel","LSE","robust",18.0873,20.1144,25.3085
"boot_motor_accel","ridge-LSE","robust",16.7452,19.7403,25.551
"boot_motor_accel","Huber","robust",18.2209,19.4788,25.8433
"boot_motor_accel","L1","robust",18.1016,19.6207,27.595
"toothgrowth","auto","PMM",3.1158,3.2523,3.9235
"toothgrowth","auto-weak","PMM",3.1836,3.2349,4.0093
"toothgrowth","WPMM2","PMM",3.4596,3.5888,4.412
"toothgrowth","WPMM3","PMM",3.4091,3.4509,4.182
"toothgrowth","LSE","robust",3.1227,3.3441,4.0833
"toothgrowth","ridge-LSE","robust",3.2468,3.3649,4.0036
"toothgrowth","Huber","robust",3.2652,3.2728,3.9021
"toothgrowth","L1","robust",3.2216,3.36,4.0081
"iris_versicolor","auto","PMM",0.3209,0.3494,0.4114
"iris_versicolor","auto-weak","PMM",0.3295,0.3557,0.4221
"iris_versicolor","WPMM2","PMM",0.3766,0.3891,0.4849
"iris_versicolor","WPMM3","PMM",0.3395,0.3752,0.4482
"iris_versicolor","LSE","robust",0.3346,0.3472,0.4117
"iris_versicolor","ridge-LSE","robust",0.3376,0.3692,0.4273
"iris_versicolor","Huber","robust",0.3498,0.398,0.4631
"iris_versicolor","L1","robust",0.3604,0.3913,0.4676
"trees_volume","auto","PMM",2.688,2.7234,3.4602
"trees_volume","auto-weak","PMM",2.5361,3.0036,3.5048
"trees_volume","WPMM2","PMM",3.6964,3.8838,4.899
"trees_volume","WPMM3","PMM",3.3107,3.326,3.9244
"trees_volume","LSE","robust",3.0609,3.1035,3.8858
"trees_volume","ridge-LSE","robust",2.5202,2.6349,3.0836
"trees_volume","Huber","robust",2.8852,2.8574,3.4928
"trees_volume","L1","robust",3.139,3.3041,4.0067
"orange_circ","auto","PMM",11.4867,12.1274,14.8178
"orange_circ","auto-weak","PMM",10.5739,10.8915,12.9889
"orange_circ","WPMM2","PMM",12.4968,12.479,14.4835
"orange_circ","WPMM3","PMM",10.4868,10.4078,12.3768
"orange_circ","LSE","robust",11.2254,11.0467,13.7149
"orange_circ","ridge-LSE","robust",10.5091,11.0466,13.8165
"orange_circ","Huber","robust",10.2545,11.3831,14.2617
"orange_circ","L1","robust",11.4126,11.6968,13.7432
