"cell","g3","g4","n","ac1","bl_LSE","bl_Huber","bl_L1","bl_WPMM2","bl_WPMM3","oracle_single","best_weak","best_weak_name","best_baseline","best_baseline_name","valgate","convex_stack","stack_vs_valgate","stack_vs_bestweak","stack_vs_basebest","valgate_vs_bestweak","valgate_vs_basebest","bestweak_vs_basebest"
"vib:14.75-Run1/CSS-008/ShZpeak",-0.560871715949467,8.74393221808303,6000,0.984414541589045,0.206749483350264,0.214164719263709,0.212461241948454,0.178284664709774,0.168417864172409,0.168417864172409,0.168417864172409,"WPMM3",0.206749483350264,"LSE",0.168417864172409,0.182561058927433,8.39768086629196,8.39768086629196,-11.6993880859435,0,-18.5401281573773,-18.5401281573773
"vib:14.75-Run1/CSS-008/ShYpeak",0.0182137115657469,5.61836668041728,6000,0.98540512303406,0.324486752025285,0.33433315221437,0.333467575470746,0.312268663545696,0.321686814986512,0.312268663545696,0.312268663545696,"WPMM2",0.324486752025285,"LSE",0.33433315221437,0.329954004783735,-1.30981549440451,5.66350175429964,1.68489244147132,7.06586707040637,3.0344536803516,-3.76535818591346
"vib:14.75-Run1/CSS-008/ShZrms",-0.487773500880056,8.58247548976258,6000,0.986068946710675,0.279391291121672,0.280269928173315,0.280372441536247,0.296924651325577,0.291533954868345,0.279391291121672,0.291533954868345,"WPMM3",0.279391291121672,"LSE",0.280269928173315,0.286550374060114,2.24085613741454,-1.70943408992652,2.56238586023951,-3.86371004369501,0.314482619739453,4.34611390280768
"vib:14.75-Run1/CSS-007/ShZpeak",0.60624962240794,5.66911857887986,6000,0.988255919128271,0.224693004298256,0.217751985535912,0.217467172164596,0.179254761901291,0.157812020293074,0.157812020293074,0.157812020293074,"WPMM3",0.217467172164596,"L1",0.157812020293074,0.199121828621393,26.176591777738,26.176591777738,-8.43591396374871,0,-27.4317963845918,-27.4317963845918
"vib:14.75-Run1/CSS-007/ShYpeak",0.276136589655905,6.22183096741684,6000,0.97970592881367,0.255548211211539,0.230371734928969,0.230238655580708,0.192327556786579,0.202026488399154,0.192327556786579,0.192327556786579,"WPMM2",0.230238655580708,"L1",0.202026488399154,0.221125878612101,9.45390397283485,14.9735806489125,-3.95797002272424,5.0429235282897,-12.2534450656851,-16.4660007671213
"vib:14.75-Run1/CSS-007/ShZrms",0.323266179291755,7.24021051329654,6000,0.988790570218571,0.204342687876861,0.1927346113091,0.192825248647601,0.216527109908307,0.201462895704996,0.1927346113091,0.201462895704996,"WPMM3",0.1927346113091,"Huber",0.1927346113091,0.192623707602396,-0.0575421850544156,-4.38750176386968,-0.0575421850544156,-4.33245256668858,0,4.52865436914087
"vib:14.75-Run2/CSS-008/ShZpeak",0.354300427728987,5.36577024635837,6000,0.993175437414037,0.102227720046136,0.103019611877377,0.10106811750164,0.0950615878224183,0.10025598210398,0.0950615878224183,0.0950615878224183,"WPMM2",0.10106811750164,"L1",0.10025598210398,0.102760170552374,2.49779454137429,8.09852108123592,1.67417093793842,5.46424102579186,-0.803552512638117,-5.94305091229658
"vib:14.75-Run2/CSS-008/ShYpeak",0.287081215036496,5.35543280179287,6000,0.992676232517092,0.0861096234859505,0.0875260717616049,0.0848909398429667,0.0800361141299274,0.0868263171017219,0.0800361141299274,0.0800361141299274,"WPMM2",0.0848909398429667,"L1",0.0868263171017219,0.0800361141299274,-7.820443384509,0,-5.71889735467627,8.48392384564232,2.27983959458486,-5.71889735467627
"vib:14.75-Run2/CSS-008/ShZrms",0.405268106565826,5.34088186561411,6000,0.994907347014616,0.0446288509270253,0.0449140191067668,0.0452475109769623,0.0462445849367318,0.0434510775411939,0.0434510775411939,0.0434510775411939,"WPMM3",0.0446288509270253,"LSE",0.0452475109769623,0.0462445849367318,2.20359957540461,6.42908658108554,3.62038003700467,4.13438178619474,1.3862334276737,-2.63904035476337
"vib:14.75-Run2/CSS-007/ShZpeak",-0.155341552205039,-1.19435712865026,6000,0.994897131051337,0.231114884562144,0.249300618133765,0.303670166996395,0.326762685887643,0.251781800620646,0.231114884562144,0.251781800620646,"WPMM3",0.231114884562144,"LSE",0.303670166996395,0.276758161819827,-8.86224861755597,9.9198437447082,19.7491725139884,20.6084658413925,31.3936000148625,8.9422695979345
"vib:14.75-Run2/CSS-007/ShYpeak",0.803630637519646,2.68669489875427,6000,0.972559227964718,0.0791171817795698,0.0829963653052889,0.0890071371777719,0.0949819969510665,0.0840219654386464,0.0791171817795698,0.0840219654386464,"WPMM3",0.0791171817795698,"LSE",0.0890071371777719,0.082838868352115,-6.93008338571443,-1.40808070884185,4.7040181270793,5.93317677478717,12.5003888861419,6.19939126843765
"vib:14.75-Run2/CSS-007/ShZrms",-0.7626116271647,0.499709074103233,6000,0.997849203660158,0.0342151401084939,0.033652564387225,0.0365311334393733,0.0490071098733662,0.0372940047751054,0.033652564387225,0.0372940047751054,"WPMM3",0.033652564387225,"Huber",0.0365311334393733,0.0357014501609307,-2.2711676324512,-4.27026977600921,6.08834961321225,-2.04556024576205,8.55378811262586,10.8206921350182
"rop:volve_2000_2080",-4.82513334944026,26.2313015153555,1886,0.259958144794666,0.0772354220897737,0.0110133221612612,0.0098956209642419,0.0103435308351054,0.00918919702392968,0.00918919702392968,0.00918919702392968,"WPMM3",0.0098956209642419,"L1",0.0110133221612612,0.0142468636921,29.3602737075346,55.0392668151483,43.9713964750817,19.8507566284765,11.294907121626,-7.13875301878375
"rop:volve_1740_1820",0.854978520069946,3.94012726912659,3595,0.484776814540033,0.156740277076407,0.0711835867858637,0.0629592516619295,0.0561695078362895,0.0518711044013704,0.0518711044013704,0.0518711044013704,"WPMM3",0.0629592516619295,"L1",0.156740277076407,0.0830182223134154,-47.0345313521769,60.0471462320013,31.8602431286763,202.172623631792,148.955114520819,-17.6116249286106
"rop:volve_2110_2200",-0.6893884066908,1.09023362737689,1893,0.88509133842136,0.287661840083789,0.26583593522961,0.261499221218418,0.241942145170815,0.256408286739916,0.241942145170815,0.241942145170815,"WPMM2",0.261499221218418,"L1",0.256408286739916,0.270897348726785,5.65077758253802,11.9678212886505,3.59394091675633,5.9791738884055,-1.94682586616536,-7.47882764486994
"rop:volve_mild_1360_1480",2.17497485120203,4.03028403637376,4004,0.218464536514536,1.17489288386384,0.310020416643796,0.284599051800047,0.315712897279355,0.300487860986697,0.284599051800047,0.300487860986697,"WPMM3",0.284599051800047,"L1",0.284229581559338,0.2865250737479,0.807619029647788,-4.64670592447512,0.676749249750164,-5.41062769523283,-0.129821318227086,5.58287495554044
