"dataset","arm","trmse_med"
"Volve_2000_2080","Huber",0.0161334901110061
"Volve_2000_2080","WPMM3",0.0184836392146824
"Volve_2000_2080","auto-weak(cumulant)",0.0193090399972872
"Volve_2000_2080","valgate",0.0161334901110061
"FORGE56_6796","Huber",0.0373897167651692
"FORGE56_6796","WPMM3",0.0369818582645185
"FORGE56_6796","auto-weak(cumulant)",0.0369818582645185
"FORGE56_6796","valgate",0.03705294244998
"VIB_ShZpeak","Huber",0.438893050123846
"VIB_ShZpeak","WPMM3",0.278025571393201
"VIB_ShZpeak","auto-weak(cumulant)",0.482674480702791
"VIB_ShZpeak","valgate",0.270116638056728
