"run","sensor","chan","n","g3","g4","wpmm2","wpmm3","huber","lse","wpmm3_vs_huber","win","p","best"
"14.75-Run1","CSS-008","ShZpeak",4000,-0.197994804624232,-1.16247657912644,0.421391962119553,0.405145324037109,0.522000127551736,0.554173025774637,-22.3859722147376,100,5.96046447753906e-08,"WPMM3"
"14.75-Run1","CSS-008","ShYpeak",4000,-0.275106102043577,-1.12540305808622,0.49243228083092,0.482758751786609,0.63347619692902,0.657054864294587,-23.792124451252,92,1.13248825073242e-06,"WPMM3"
"14.75-Run1","CSS-008","ShZrms",4000,-0.197934089000455,-1.10327976763814,0.536724684228234,0.529127756988183,0.705078774547712,0.737438560746168,-24.9548027697184,100,5.96046447753906e-08,"WPMM3"
"14.75-Run1","CSS-007","ShZpeak",4000,0.559085942766148,-0.857032735613009,0.510372534806582,0.423863640215825,0.543526820557877,0.575475972890907,-22.0160580519706,100,5.96046447753906e-08,"WPMM3"
"14.75-Run1","CSS-007","ShYpeak",4000,0.274572974231831,-0.947006628478079,0.513432922972687,0.464210485757978,0.63685789282446,0.684110986428136,-27.1092513748698,100,5.96046447753906e-08,"WPMM3"
"14.75-Run1","CSS-007","ShZrms",4000,0.463588133111277,-0.884259180720847,0.502686546879879,0.431839142143218,0.574169639691725,0.609967863576155,-24.7889278201692,100,5.96046447753906e-08,"WPMM3"
"14.75-Run2","CSS-008","ShZpeak",4000,-1.35726509837264,2.64330360196103,0.271639951695877,0.277169951686673,0.441158398132919,0.49073487548577,-37.1722372599688,100,5.96046447753906e-08,"WPMM2"
"14.75-Run2","CSS-008","ShYpeak",4000,-1.52666025079227,3.75916652593949,0.312204669472109,0.312275832265663,0.495812067504156,0.539845839700482,-37.0172989460274,100,5.96046447753906e-08,"WPMM2"
"14.75-Run2","CSS-008","ShZrms",4000,-1.40248085987201,2.6796002935853,0.325704538773627,0.331107469345372,0.573909741542534,0.645989280584111,-42.3066999254216,100,5.96046447753906e-08,"WPMM2"
"14.75-Run2","CSS-007","ShZpeak",4000,-1.38165424912192,6.29708113455893,0.485345821913043,0.298384087187584,0.502095797700488,0.544665796286881,-40.572279522328,100,5.96046447753906e-08,"WPMM3"
"14.75-Run2","CSS-007","ShYpeak",4000,-1.51191263609536,6.83778442630513,0.551811736361644,0.276373325434104,0.605557234056793,0.659250403622608,-54.3604947822019,100,5.96046447753906e-08,"WPMM3"
"14.75-Run2","CSS-007","ShZrms",4000,-1.47376037028894,5.91191962273877,0.508312284468185,0.23983969121564,0.57022634053839,0.620459265314826,-57.939562913002,100,5.96046447753906e-08,"WPMM3"
