"regime","arm","mae_med","mae_iqr"
"gauss","LSE-GMDH",0.295953101655163,0.11382356193167
"gauss","classicalPMM",0.295085436742398,0.112446394600098
"gauss","Huber-GMDH",0.297380451243817,0.113953419492927
"gauss","LAD-GMDH",0.335783701433049,0.140012411922655
"gauss","WPMM2-forced",0.331615259255675,0.125605380908625
"gauss","weak-dispatch",0.298307212045027,0.120961995036418
"exp_skew","LSE-GMDH",0.272218655098832,0.0920406879503272
"exp_skew","classicalPMM",0.25392053265758,0.134166756507082
"exp_skew","Huber-GMDH",0.319295947305582,0.0986343358492608
"exp_skew","LAD-GMDH",0.39149550745824,0.102588972827589
"exp_skew","WPMM2-forced",0.443702746082577,0.108547920488419
"exp_skew","weak-dispatch",0.286433379113879,0.139020966862277
"sym_t2","LSE-GMDH",0.334545600031866,0.117970306580881
"sym_t2","classicalPMM",0.331018651449391,0.100475853071713
"sym_t2","Huber-GMDH",0.272827354968769,0.10764020174717
"sym_t2","LAD-GMDH",0.288381527528819,0.0812086894562677
"sym_t2","WPMM2-forced",0.278947757087112,0.112417570016174
"sym_t2","weak-dispatch",0.297716750096875,0.0978049986436647
"onesided_contam","LSE-GMDH",0.548699336096623,0.256213454086789
"onesided_contam","classicalPMM",0.556646671150296,0.2316873161204
"onesided_contam","Huber-GMDH",0.412149469644611,0.100318431398062
"onesided_contam","LAD-GMDH",0.42310198358862,0.125134829725449
"onesided_contam","WPMM2-forced",0.36260267354343,0.138372102413066
"onesided_contam","weak-dispatch",0.387810651397089,0.0959151938895996
