"seed","method","mae","trmse","coef_l2"
75001,"WPMM2",0.22870864122514,0.229396838816232,0.323259156397034
75001,"PMM2",0.218546574896939,0.215044913617055,0.222158471010829
75001,"LSE",0.210995155830087,0.19097248553083,0.196380251943518
75001,"Huber",0.145381009550065,0.124614674687261,0.206249403334282
75001,"L1",0.24448007127948,0.224768545696871,0.348628576529881
75002,"WPMM2",0.0974884796489998,0.0882870007607191,0.156044296266864
75002,"PMM2",0.377915713363434,0.372664786433112,0.376951738193042
75002,"LSE",0.406104446421729,0.350505540105,0.542785211706679
75002,"Huber",0.141445362404156,0.128060014751366,0.135449836095199
75002,"L1",0.142219677840362,0.127910667772191,0.177897985421407
75003,"WPMM2",0.10888902687492,0.107104692285295,0.145680392027967
75003,"PMM2",0.395646456492605,0.38620318619498,0.393296695060995
75003,"LSE",0.436137900228649,0.400280773070915,0.458317401366252
75003,"Huber",0.277227765474677,0.271487138273746,0.311258292243265
75003,"L1",0.252263550205394,0.25436884315847,0.353301728431529
75004,"WPMM2",0.183040767962811,0.181761600883569,0.210176252855394
75004,"PMM2",0.271491893941754,0.245820224900183,0.250806343928863
75004,"LSE",0.351167175191486,0.329242222186628,0.406747361778202
75004,"Huber",0.096742777514473,0.0917159059578088,0.133513254104377
75004,"L1",0.122082491106695,0.115151412684134,0.159091047596844
75005,"WPMM2",0.15793088101362,0.155904264357512,0.22995481453856
75005,"PMM2",0.373936738604958,0.33938798340176,0.331292733908576
75005,"LSE",0.374389105615637,0.338556636633974,0.379380715119192
75005,"Huber",0.126585124404345,0.114887943575633,0.170570868014034
75005,"L1",0.0840936163405764,0.079554509354206,0.086172665166132
75006,"WPMM2",0.167011832513257,0.163050380401516,0.211680507524571
75006,"PMM2",0.291467792756016,0.267296588187219,0.255388039876738
75006,"LSE",0.291875224351815,0.275565847091565,0.27612832823058
75006,"Huber",0.0998635465193559,0.0888564079834473,0.0975790052513526
75006,"L1",0.122169676360739,0.116644519428637,0.198702474115696
75007,"WPMM2",0.0544636370200034,0.0499968351818498,0.069149250025902
75007,"PMM2",0.977578126885745,0.919976946490088,1.05333984505108
75007,"LSE",1.05539068328819,1.01577366444692,1.32200270379352
75007,"Huber",0.135432259950233,0.129739228855246,0.176306866882476
75007,"L1",0.164954273695072,0.157273452536681,0.218154063859007
75008,"WPMM2",0.176818293681681,0.165404376888723,0.244797602372031
75008,"PMM2",0.46494239781255,0.467451301534698,0.587956055044291
75008,"LSE",0.477696793921014,0.485830177796355,0.682672008719863
75008,"Huber",0.325412692577507,0.329064711655007,0.450040385419741
75008,"L1",0.345242762938152,0.341517104964304,0.46313861404401
75009,"WPMM2",0.298415884235829,0.268167787193717,0.307819435631464
75009,"PMM2",0.266606567745987,0.245597747352565,0.355823910516812
75009,"LSE",0.224473298043252,0.212945191994248,0.311633398076185
75009,"Huber",0.129945770499553,0.110465842561754,0.192031426152272
75009,"L1",0.174232532771989,0.161787371685267,0.237544028893691
75010,"WPMM2",0.134371105066152,0.122838963307476,0.149574436371898
75010,"PMM2",0.287087946550828,0.268515096026091,0.221162578871387
75010,"LSE",0.293022615889658,0.272328552121724,0.266017891961206
75010,"Huber",0.194560272067304,0.184420074123644,0.156905744555536
75010,"L1",0.137435173306764,0.130164723526528,0.113677606916025
75011,"WPMM2",0.108358360878521,0.101714245521808,0.139651522900739
75011,"PMM2",0.463251199265749,0.433704081110704,0.420415169200436
75011,"LSE",0.462684268484702,0.456472605325899,0.563292862763181
75011,"Huber",0.206268254458431,0.202265691907501,0.238861788745352
75011,"L1",0.224366471039755,0.22358818309645,0.300797247049196
75012,"WPMM2",0.110937780367912,0.101564660924802,0.160597187153649
75012,"PMM2",0.551847405678491,0.545202471343682,0.637581161802768
75012,"LSE",0.597495787619048,0.604854289401874,0.844059736898386
75012,"Huber",0.263599683143172,0.254194131574334,0.288860263553579
75012,"L1",0.254747142473153,0.241559459417023,0.282537017873936
75013,"WPMM2",0.11470567105421,0.0994895848148316,0.162108339453912
75013,"PMM2",0.376181314768265,0.346847495424687,0.327235213726818
75013,"LSE",0.360738436322298,0.357159220115119,0.418937314171008
75013,"Huber",0.159377732855015,0.144769975494095,0.163687699491887
75013,"L1",0.197517207219176,0.184603971091009,0.235630124462784
75014,"WPMM2",0.0670278397226913,0.0617230494969624,0.0809416249455297
75014,"PMM2",0.498466481869621,0.477511907508428,0.540806177534792
75014,"LSE",0.524355927685723,0.511635118053113,0.669776663165668
75014,"Huber",0.178891632456878,0.174381922301273,0.233559878251366
75014,"L1",0.142184529186753,0.135010061506851,0.155623039530661
75015,"WPMM2",0.137670560208127,0.129984525727553,0.17561383920106
75015,"PMM2",0.53306154633419,0.508510967350299,0.619670140557598
75015,"LSE",0.539822931960442,0.514681073548573,0.652219832569952
75015,"Huber",0.252306516824924,0.247763886123903,0.345073829733282
75015,"L1",0.203492037088872,0.206640916682494,0.298795584547178
75016,"WPMM2",0.139251144511341,0.126026785424905,0.218293253609361
75016,"PMM2",0.614881054105115,0.562624137187907,0.628180572982749
75016,"LSE",0.658279960056728,0.629407340659312,0.793249427598332
75016,"Huber",0.290701736922806,0.259268728274713,0.315929367148006
75016,"L1",0.340044081070375,0.320552514711702,0.41598008226726
75017,"WPMM2",0.120780930011423,0.108799661773348,0.130660366508823
75017,"PMM2",0.619614573083264,0.602114360240504,0.626192451857175
75017,"LSE",0.627140884335607,0.607773108063828,0.647894585366913
75017,"Huber",0.344398027223184,0.33419378108788,0.371065756857287
75017,"L1",0.285726095094577,0.268724259889325,0.349331643240214
75018,"WPMM2",0.201833606647569,0.183723488272664,0.272532415340149
75018,"PMM2",0.559889046500248,0.527544330318867,0.461270323758508
75018,"LSE",0.583850438721114,0.569699871259462,0.569724913730106
75018,"Huber",0.322515341456443,0.309736199041425,0.284050183758456
75018,"L1",0.287387122658779,0.27849752790108,0.257972550700516
75019,"WPMM2",0.0869496816178844,0.0812108309347556,0.142737241133265
75019,"PMM2",0.274150805359368,0.266379904072691,0.261328137955125
75019,"LSE",0.275603700439733,0.243409507421041,0.266683714978543
75019,"Huber",0.151045638895978,0.13680547878591,0.098195647114936
75019,"L1",0.116848914926789,0.108026287781291,0.124814625444988
75020,"WPMM2",0.148450903136986,0.145787550362562,0.186559338264003
75020,"PMM2",0.612119234538828,0.60265136695215,0.718192849769888
75020,"LSE",0.65060116770838,0.639039782579274,0.863079851571836
75020,"Huber",0.27002320505767,0.26580052397432,0.348296130051909
75020,"L1",0.245948940428452,0.250754786059354,0.315094257850719
75021,"WPMM2",0.0887120181239906,0.0728872523577237,0.131223198031402
75021,"PMM2",0.3993698253311,0.403480621206432,0.498938351480199
75021,"LSE",0.46781918945959,0.475095252429018,0.682961250328973
75021,"Huber",0.241138757246115,0.242811538726438,0.353965139233847
75021,"L1",0.259837196966884,0.26117411728884,0.394443512895297
75022,"WPMM2",0.167318705500895,0.168206038359047,0.196226876240159
75022,"PMM2",0.182226461339886,0.173311897788009,0.218559051674001
75022,"LSE",0.233967608946118,0.216153257947692,0.23009419476606
75022,"Huber",0.0816295953516598,0.0770678137099681,0.106771579022347
75022,"L1",0.0805297845459588,0.0738640561972069,0.107523345504987
75023,"WPMM2",0.162135838094848,0.149264016600836,0.219659176240331
75023,"PMM2",0.40443797919697,0.412428092269992,0.548111464744698
75023,"LSE",0.40185790450355,0.401668530786679,0.481793484197069
75023,"Huber",0.237771927310946,0.239366269913301,0.343564537001047
75023,"L1",0.212898839079473,0.213126614404325,0.291503196970659
75024,"WPMM2",0.0550629924664759,0.0444773087423438,0.0780449427840852
75024,"PMM2",0.336318114802795,0.327753823250865,0.372235280578816
75024,"LSE",0.335608027461778,0.32963667617953,0.409299865371798
75024,"Huber",0.165286891095269,0.165634256515299,0.215500328413077
75024,"L1",0.0997306066705728,0.0983546889782119,0.135133238524508
75025,"WPMM2",0.143415175742284,0.126783195860237,0.203744837664155
75025,"PMM2",0.2230414779348,0.211496605804331,0.296150018721307
75025,"LSE",0.255850391170854,0.237580359460159,0.366946084108874
75025,"Huber",0.167457770740032,0.144743109387958,0.242855926850113
75025,"L1",0.188867915279611,0.175471541285338,0.269537227689135
75026,"WPMM2",0.137445586062423,0.132352875530021,0.216705239132327
75026,"PMM2",0.37426749732698,0.345087558373306,0.279727906348076
75026,"LSE",0.399122557028798,0.352616404187331,0.333169030871186
75026,"Huber",0.161384216591698,0.145667594349787,0.155545245929081
75026,"L1",0.210104350258262,0.192266699387839,0.262672757561459
75027,"WPMM2",0.0649098863374619,0.0569688284386919,0.102295575731384
75027,"PMM2",0.303353145918809,0.302257750468526,0.375556574424399
75027,"LSE",0.326341627348937,0.330580792631541,0.477395655337408
75027,"Huber",0.212619537740893,0.214626509442329,0.308565191450481
75027,"L1",0.280139695368405,0.286735462305565,0.435433253112138
75028,"WPMM2",0.233113223063264,0.219783571699246,0.378849832007328
75028,"PMM2",0.492497805941532,0.502023809605448,0.694651461701769
75028,"LSE",0.564914060875182,0.570507361298307,0.851728958970699
75028,"Huber",0.336246017433527,0.334056754948605,0.532804577717394
75028,"L1",0.361729223172016,0.356391874568219,0.598719803984496
75029,"WPMM2",0.133356523920503,0.121250022907263,0.15706807102708
75029,"PMM2",0.266397525483453,0.248219817296172,0.259696829987578
75029,"LSE",0.279486452595131,0.262855496974556,0.31622328930884
75029,"Huber",0.207934200366908,0.188453227292382,0.229347334664137
75029,"L1",0.267342897875522,0.240362690935988,0.29039300530819
75030,"WPMM2",0.106501321696794,0.0876175935865835,0.159343721718157
75030,"PMM2",0.531435277551577,0.486151712878521,0.467912517346523
75030,"LSE",0.532045977680758,0.507821757868503,0.489890697487619
75030,"Huber",0.273472589852966,0.251531662584735,0.261806119971852
75030,"L1",0.185686598413834,0.170346280114209,0.193394657668866
75031,"WPMM2",0.246924466371122,0.204952345060518,0.378756709899494
75031,"PMM2",0.377784049495998,0.351329075649317,0.273247250044805
75031,"LSE",0.374965118241444,0.348048259954587,0.285376044086871
75031,"Huber",0.256247970039309,0.233498571318891,0.257520896862976
75031,"L1",0.304551117054764,0.240084960780652,0.434868477565676
75032,"WPMM2",0.160138010809937,0.150582384793967,0.213230668076246
75032,"PMM2",0.308869678192433,0.305499492541877,0.328010748012002
75032,"LSE",0.307204705230183,0.304590614238244,0.347842161460499
75032,"Huber",0.224601933231976,0.218121589306489,0.258744090260408
75032,"L1",0.213765888618616,0.207769727810695,0.271962587655036
75033,"WPMM2",0.174398989747723,0.165360620200537,0.199031792124362
75033,"PMM2",0.116486473252595,0.109884232038125,0.133947788649703
75033,"LSE",0.0993469436887438,0.101048668414146,0.141761943514132
75033,"Huber",0.0595530963232512,0.0541153316285382,0.0719468467034616
75033,"L1",0.0988163846187965,0.088517681945398,0.145936208917934
75034,"WPMM2",0.191932425802074,0.189077741275307,0.279858547136414
75034,"PMM2",0.616369702499568,0.549708624606082,0.61048200378575
75034,"LSE",0.691423846662442,0.649676205738449,0.617456585352957
75034,"Huber",0.249723586493661,0.22946033437951,0.26990252344411
75034,"L1",0.24584736082438,0.234147826210904,0.320898347360463
75035,"WPMM2",0.1925007619164,0.175561287546988,0.32798812028563
75035,"PMM2",0.856220197188895,0.803502583122049,0.671582668533846
75035,"LSE",0.835349354214261,0.844714548801433,1.08121613447188
75035,"Huber",0.270154661293824,0.251954257294083,0.206363689322504
75035,"L1",0.324700757435673,0.265737899177498,0.481076928364272
75036,"WPMM2",0.113479899727721,0.0996493480016164,0.159199973094086
75036,"PMM2",0.47904203538853,0.477561418619457,0.622463061471381
75036,"LSE",0.501777718939168,0.496865052638312,0.633085909963329
75036,"Huber",0.179502682306431,0.172835909953356,0.263646199510527
75036,"L1",0.223526371336422,0.20704502355626,0.283141974036764
75037,"WPMM2",0.163980378870713,0.137583300833559,0.219792988309693
75037,"PMM2",0.297968321407535,0.26371023049432,0.259454246488099
75037,"LSE",0.319945616453206,0.284968915636611,0.299923529623404
75037,"Huber",0.218089928032817,0.195832843683059,0.23252481041258
75037,"L1",0.29149246457489,0.272797033598101,0.303094945278798
75038,"WPMM2",0.167931225135669,0.158593553432763,0.206579864173085
75038,"PMM2",0.324876204533445,0.321472541126941,0.372402204868688
75038,"LSE",0.370373813678393,0.35595064764923,0.419358781105283
75038,"Huber",0.255148994271111,0.255332118397838,0.300482822193003
75038,"L1",0.295576750284778,0.283509281383853,0.390238270491471
75039,"WPMM2",0.0938530631464271,0.0868064342726327,0.133635912295228
75039,"PMM2",0.476228013944924,0.455051203918957,0.427116209691891
75039,"LSE",0.499907439167866,0.485459046428046,0.563196183568952
75039,"Huber",0.190548622279218,0.186802396971666,0.176365901493209
75039,"L1",0.180553581492255,0.167598619093967,0.208581505267998
75040,"WPMM2",0.16787267783989,0.147183660883936,0.179370063702156
75040,"PMM2",0.528320352120096,0.493188482276484,0.495336846611595
75040,"LSE",0.519371738597439,0.487886049141807,0.567251533492097
75040,"Huber",0.265086565091097,0.237011290724506,0.238789170485206
75040,"L1",0.234071642143044,0.212295488323365,0.22586750496296
75041,"WPMM2",0.124321547329894,0.110694828106292,0.1921918856633
75041,"PMM2",0.282761285091137,0.257468979386092,0.241131745926996
75041,"LSE",0.278996221606628,0.26162348329574,0.282890954940849
75041,"Huber",0.150928307200307,0.136685342057221,0.149769678590578
75041,"L1",0.149524331030914,0.141122390581864,0.179011188424529
75042,"WPMM2",0.218933395178164,0.204922139825998,0.290579760465608
75042,"PMM2",0.387038569442987,0.348499449352693,0.3747225753504
75042,"LSE",0.41687780625234,0.389014425504737,0.459927297418808
75042,"Huber",0.201891930096713,0.18687186361406,0.269576950085038
75042,"L1",0.192827205251364,0.188023080871751,0.235406923929007
75043,"WPMM2",0.228188217867176,0.211593354326527,0.249778842591036
75043,"PMM2",0.479349012562923,0.454042264249138,0.503384149609075
75043,"LSE",0.508766431274364,0.475571965805368,0.586677906961917
75043,"Huber",0.385111369766032,0.362928750407754,0.429313304163517
75043,"L1",0.37797177044268,0.363904922985901,0.402499017840321
75044,"WPMM2",0.114714243270274,0.102258128740376,0.131582837145477
75044,"PMM2",0.456528479342333,0.450606977304121,0.527578906718965
75044,"LSE",0.548784823165256,0.548148512718488,0.692195960409291
75044,"Huber",0.214376835759786,0.208304441054813,0.293749521852387
75044,"L1",0.228228802935634,0.214559903319824,0.294064325433584
75045,"WPMM2",0.111984730768033,0.105553163164064,0.171011239851767
75045,"PMM2",0.399172668331642,0.403651365323027,0.524371362791649
75045,"LSE",0.45664646636808,0.428445629771739,0.515723342277878
75045,"Huber",0.205803510319552,0.20301416704729,0.271652117739305
75045,"L1",0.230791766555266,0.21412795737075,0.242344927139298
75046,"WPMM2",0.237783461326763,0.223644566829205,0.333121475632537
75046,"PMM2",0.405045977270536,0.39568223119438,0.427293753487837
75046,"LSE",0.483646967391529,0.464142745166234,0.593125302037579
75046,"Huber",0.217705234455682,0.198140611803438,0.276707624759649
75046,"L1",0.274486823895345,0.240073885266586,0.370425103895063
75047,"WPMM2",0.291477941743275,0.249560900409565,0.43457992697052
75047,"PMM2",0.367502634011776,0.343430444325326,0.53471724941068
75047,"LSE",0.368304030334336,0.342733952237786,0.534957818253585
75047,"Huber",0.330697275617603,0.300504309096574,0.488849771939125
75047,"L1",0.355342285656833,0.322403921955367,0.523919306575646
75048,"WPMM2",0.0795109922813531,0.070692971677179,0.097783573347841
75048,"PMM2",0.523042408333632,0.508493213604904,0.525413295405449
75048,"LSE",0.547639825273042,0.486740020570741,0.625126563114961
75048,"Huber",0.28563225602381,0.262165229857271,0.24711585783229
75048,"L1",0.276206969662566,0.26936451157025,0.316418233530895
75049,"WPMM2",0.139078919945527,0.127682264261647,0.147029457558457
75049,"PMM2",0.435341583043111,0.416663041756063,0.429729780247994
75049,"LSE",0.449051128868091,0.429118742562134,0.510940371587613
75049,"Huber",0.298173135703605,0.28322112241784,0.306944580574933
75049,"L1",0.262739606830705,0.237786265778905,0.235303926098886
75050,"WPMM2",0.0758440442015237,0.0693470449613446,0.115670896612451
75050,"PMM2",0.359289904009692,0.329414708219011,0.328027806780473
75050,"LSE",0.383277793050357,0.381230261294086,0.409742107220428
75050,"Huber",0.157509822979668,0.143789646588982,0.176738790590366
75050,"L1",0.202080511789286,0.182470270121489,0.180952905974842
75051,"WPMM2",0.0791670809886467,0.0702518055859818,0.113403760832635
75051,"PMM2",0.420922262772469,0.40674757843952,0.407475618943961
75051,"LSE",0.467131961783037,0.463862498316516,0.634653100932183
75051,"Huber",0.122269836568426,0.117382749228529,0.115542412925633
75051,"L1",0.10647353042206,0.0977106399771883,0.121504253796871
75052,"WPMM2",0.124147206802744,0.121985258454825,0.157709385650239
75052,"PMM2",0.400019809813978,0.388836683931834,0.372482531676836
75052,"LSE",0.400463281726467,0.380238778059459,0.437485072188383
75052,"Huber",0.22807107131332,0.224698420513838,0.223337175100289
75052,"L1",0.25169595315573,0.240976179578628,0.296224607202147
75053,"WPMM2",0.0755915387256745,0.0710016468950445,0.104289730161344
75053,"PMM2",0.407051300066163,0.399500006484639,0.478101491344317
75053,"LSE",0.420701616132701,0.380808619527225,0.425784476706736
75053,"Huber",0.21242443968598,0.198053412095581,0.215127401205816
75053,"L1",0.240956824976531,0.234232511502719,0.303149303631573
75054,"WPMM2",0.152956073073479,0.145091490768657,0.237002954042239
75054,"PMM2",0.379654543890481,0.349412991302415,0.287039490553768
75054,"LSE",0.373788369468553,0.33889984820407,0.366569194690053
75054,"Huber",0.160055511519007,0.151220920694715,0.159755529202991
75054,"L1",0.176746422787253,0.150519421932906,0.23483396827961
75055,"WPMM2",0.174379703099609,0.156914187894028,0.19900128140717
75055,"PMM2",0.318715232944135,0.308149788940625,0.413175183618446
75055,"LSE",0.336061481805003,0.316216900108185,0.439688752094471
75055,"Huber",0.17362412510624,0.163571662486634,0.233281332328266
75055,"L1",0.181706286975643,0.184006848020905,0.237814819879585
75056,"WPMM2",0.112194210203388,0.103013983440661,0.153875785916634
75056,"PMM2",0.187615496683616,0.171043654745617,0.20963343141887
75056,"LSE",0.179528862002971,0.163058520018701,0.202803701445929
75056,"Huber",0.133441185566028,0.118775408832466,0.145185640934998
75056,"L1",0.11512928809748,0.101346593356369,0.128590081279649
75057,"WPMM2",0.11648390049873,0.110722140162552,0.155712208305444
75057,"PMM2",0.39358721562871,0.370366311922871,0.384875551037854
75057,"LSE",0.389087609865114,0.377463954010565,0.45709720260932
75057,"Huber",0.221279105163148,0.216893539875953,0.250423887307657
75057,"L1",0.194287819856137,0.185015678809662,0.235505978323017
75058,"WPMM2",0.161234033117819,0.144683228758351,0.191707336226224
75058,"PMM2",0.300688662593346,0.268120476618582,0.269744284632616
75058,"LSE",0.315133061242894,0.281481954980935,0.281594019724599
75058,"Huber",0.228388677264232,0.202912199394326,0.224166645569056
75058,"L1",0.18531878998767,0.164440402905377,0.199739262656989
75059,"WPMM2",0.0817472316086048,0.0772863252866614,0.12721311736772
75059,"PMM2",0.226793488101203,0.220687780580773,0.291887128843892
75059,"LSE",0.251306434181939,0.247763702945975,0.302106875289512
75059,"Huber",0.122706595452261,0.117605474186682,0.161607710366409
75059,"L1",0.139521834031961,0.138528935045939,0.165223328638483
75060,"WPMM2",0.17782799350613,0.150125462840864,0.262274283291931
75060,"PMM2",0.620537708461847,0.570369652176338,0.810333164822157
75060,"LSE",0.517509897830855,0.482169789767576,0.567373717729548
75060,"Huber",0.258183485178395,0.230252920445966,0.249782200917877
75060,"L1",0.212231054374583,0.194281530038527,0.231074470121425
75061,"WPMM2",0.228550744492593,0.214839560352248,0.375854220404828
75061,"PMM2",0.607791277407367,0.618477470636205,0.844044042609914
75061,"LSE",0.614998196703342,0.624208586142734,0.81966507122627
75061,"Huber",0.350473662971073,0.356666497444837,0.557716401996878
75061,"L1",0.307764422649088,0.309396001090913,0.520239364514048
75062,"WPMM2",0.203829250940907,0.196638260011995,0.338425424047559
75062,"PMM2",0.149500676148675,0.134506836004726,0.156002935570186
75062,"LSE",0.152388544046499,0.135156954494214,0.131801165585903
75062,"Huber",0.135720028435701,0.109647531853834,0.208216776772297
75062,"L1",0.173857917294166,0.142905653615976,0.221709691841378
75063,"WPMM2",0.0805622292467827,0.079111482135643,0.0938490289784811
75063,"PMM2",0.38214744097687,0.377508222599892,0.412357712045697
75063,"LSE",0.400614986477609,0.362645483685643,0.284268243407627
75063,"Huber",0.142105882481329,0.14180979466939,0.15261829541518
75063,"L1",0.0930903729039746,0.0922980895506917,0.128390403687618
75064,"WPMM2",0.193918848626205,0.177427781562761,0.265157474507703
75064,"PMM2",0.596238105718999,0.568356237300278,0.678981058547296
75064,"LSE",0.641737028825275,0.622559491092868,0.752545302731569
75064,"Huber",0.339440713970562,0.316514353636513,0.402544331825086
75064,"L1",0.378768913464423,0.365138619552292,0.513315586597035
75065,"WPMM2",0.178439077425384,0.16044341906328,0.213964538806857
75065,"PMM2",0.25352201980762,0.238936514574865,0.304166680753218
75065,"LSE",0.272543665518304,0.262939777921024,0.358800928571985
75065,"Huber",0.169558407209263,0.152383268626525,0.227314688130824
75065,"L1",0.230408966727171,0.20751560656692,0.297944965863119
75066,"WPMM2",0.0834478855763012,0.0735445731900304,0.0671580913104424
75066,"PMM2",0.509964789605933,0.504088480591973,0.546263235886867
75066,"LSE",0.532375961183636,0.519550731156522,0.59361727565123
75066,"Huber",0.111386815665217,0.11138500286831,0.14041392052948
75066,"L1",0.108375562311294,0.100239029304344,0.159182676415506
75067,"WPMM2",0.162712257258152,0.164725399570231,0.230950094992049
75067,"PMM2",0.246410261050529,0.23181191621088,0.214213119482302
75067,"LSE",0.240636335364339,0.235063037893222,0.264845152939819
75067,"Huber",0.127104459245273,0.117878361453781,0.151982673727184
75067,"L1",0.15563666652579,0.1315089030615,0.221251474176445
75068,"WPMM2",0.204847354569437,0.179254043068745,0.301028500661176
75068,"PMM2",0.459080536504559,0.421527354315622,0.458522724583377
75068,"LSE",0.487126594516133,0.456624205987906,0.552763981501598
75068,"Huber",0.261656963590959,0.230903980118194,0.327143663424894
75068,"L1",0.310147541644477,0.276239928041693,0.378375987582323
75069,"WPMM2",0.238737074629772,0.218032291772253,0.336606241562768
75069,"PMM2",0.385311916059024,0.345789415063518,0.385663272066189
75069,"LSE",0.38791890300448,0.353526971053822,0.395252826738922
75069,"Huber",0.282756384809464,0.252463536000108,0.324527611897941
75069,"L1",0.285297413737955,0.258643404052015,0.318406271289186
75070,"WPMM2",0.117458114445199,0.102218973326906,0.192439756618732
75070,"PMM2",0.597875569983992,0.595790916167049,0.733831796942536
75070,"LSE",0.693389228332186,0.636762447650029,0.858159459650421
75070,"Huber",0.216200214761585,0.216376829401972,0.320917082030066
75070,"L1",0.200051378675836,0.201364477965712,0.282045253240119
75071,"WPMM2",0.149884232032556,0.151425941333964,0.196902545635255
75071,"PMM2",0.580994709864042,0.563303157526406,0.629213744530881
75071,"LSE",0.637500925340531,0.64997427402905,0.935191186080242
75071,"Huber",0.0750947632085332,0.0691441733502329,0.0882927616031277
75071,"L1",0.118233320856663,0.101348768930931,0.166509155218241
75072,"WPMM2",0.125253452371163,0.109919398064007,0.171686300468712
75072,"PMM2",0.391082938088658,0.358327097008178,0.314563014384653
75072,"LSE",0.399217758738598,0.378278239003587,0.422565026617213
75072,"Huber",0.186929261838612,0.170686941562702,0.179150124143862
75072,"L1",0.215089019275784,0.197882280183923,0.254536327621325
75073,"WPMM2",0.175254033820598,0.164442932996658,0.220444398346296
75073,"PMM2",0.28359338545467,0.274884564979643,0.296881026659733
75073,"LSE",0.292147317997686,0.27129657349754,0.305521732382208
75073,"Huber",0.217023121594727,0.210439196693012,0.241634559037308
75073,"L1",0.197138296307097,0.194108721397707,0.243262344797377
75074,"WPMM2",0.160049455462325,0.151315162534227,0.231214344053769
75074,"PMM2",1.6864335930461,1.38897165861148,2.44133105133478
75074,"LSE",0.698694754523155,0.623871122231226,0.774871470423726
75074,"Huber",0.30097834253746,0.281787207817613,0.358618188001368
75074,"L1",0.274075837566869,0.249232825493714,0.291353219678878
75075,"WPMM2",0.125041811592943,0.119796256674487,0.172697654157904
75075,"PMM2",0.464158981122909,0.438587317152445,0.428921834656453
75075,"LSE",0.449523697514336,0.438563572732964,0.461436866136646
75075,"Huber",0.16243618509131,0.151319396127591,0.177633314166322
75075,"L1",0.150964805306861,0.140805969479734,0.208815156153891
75076,"WPMM2",0.12755869011307,0.102830099363639,0.161478789844124
75076,"PMM2",0.517198048425647,0.521905326261476,0.693137662970478
75076,"LSE",0.63982616373257,0.600691951029846,0.803578498012234
75076,"Huber",0.220158582361761,0.221083570581894,0.331774026076764
75076,"L1",0.174414523847871,0.161268566480892,0.285616706961532
75077,"WPMM2",0.130098602515972,0.11133552040432,0.179209118959893
75077,"PMM2",0.420526716701484,0.419547999253082,0.491069979217748
75077,"LSE",0.480706411477233,0.485256935966999,0.618427050459982
75077,"Huber",0.203753402722276,0.208686731586438,0.251618778001699
75077,"L1",0.197590669209507,0.180107395749735,0.273934317266158
75078,"WPMM2",0.0959344013430519,0.0873505613566485,0.116587202851878
75078,"PMM2",0.425791264365944,0.408781340928814,0.430905462896142
75078,"LSE",0.444367524854306,0.433276500943845,0.514571539927176
75078,"Huber",0.217015238087914,0.202662698104612,0.225428192881829
75078,"L1",0.261525238372713,0.242279488318172,0.317698301946228
75079,"WPMM2",0.228360086991582,0.215305562336437,0.330290916499199
75079,"PMM2",0.389181859336198,0.352462558812735,0.412429438300083
75079,"LSE",0.371517294393444,0.33832433591155,0.39245325860035
75079,"Huber",0.161082300828394,0.140699229465771,0.22574919581763
75079,"L1",0.185444178599712,0.158051587102071,0.260341084329554
75080,"WPMM2",0.236477365780745,0.214846787874397,0.398570697494456
75080,"PMM2",0.687914462830533,0.631569109291595,0.539561822043199
75080,"LSE",0.694895872654588,0.636907875422585,0.65614694211653
75080,"Huber",0.210496083630553,0.189932267861752,0.240870671960991
75080,"L1",0.236312070103267,0.216326792498745,0.261222872677272
75081,"WPMM2",0.068835994152128,0.0636471082898899,0.104807300523512
75081,"PMM2",0.262786613179551,0.249548911605427,0.28709374053043
75081,"LSE",0.261143271446281,0.254790935177984,0.351254466114941
75081,"Huber",0.13922326763435,0.132182223347237,0.183903469632696
75081,"L1",0.141001028385476,0.143064627433636,0.16708133270842
75082,"WPMM2",0.206751709166572,0.208816458688346,0.32487712807005
75082,"PMM2",0.392309129190739,0.3976275923646,0.541359871945573
75082,"LSE",0.414770703656935,0.4218842904944,0.608372504569479
75082,"Huber",0.304038088892655,0.308924748782759,0.441221202492907
75082,"L1",0.276561825188269,0.280512281379199,0.41563011884011
75083,"WPMM2",0.159596692149512,0.146134030449897,0.227307116679297
75083,"PMM2",0.643392493913889,0.607988177743421,0.636779980120886
75083,"LSE",0.647649408734953,0.642953341075286,0.876339083380432
75083,"Huber",0.23488371907047,0.237362272242231,0.331557334912538
75083,"L1",0.281647063776958,0.282653788824105,0.418406743692932
75084,"WPMM2",0.124125034808646,0.125698528906011,0.184233652253324
75084,"PMM2",0.396173435428784,0.395953710274617,0.492278053746393
75084,"LSE",0.419597951021243,0.426472456671683,0.60836401765871
75084,"Huber",0.287834336258208,0.292146041155271,0.394712878866307
75084,"L1",0.276204758196725,0.280767019626797,0.388375344848877
75085,"WPMM2",0.133457483171155,0.121082878619773,0.172265321252362
75085,"PMM2",0.261288843423925,0.264997654493979,0.301561268744825
75085,"LSE",0.259496091474073,0.241300737182079,0.287278046850137
75085,"Huber",0.202911193223731,0.199511376792986,0.244157371843755
75085,"L1",0.198627185151174,0.192398671032139,0.234925496022548
75086,"WPMM2",0.175541472059099,0.156649148739466,0.235553596483308
75086,"PMM2",0.447553267637689,0.409804854236088,0.432514386615724
75086,"LSE",0.501875650330845,0.462990392510211,0.528142578566485
75086,"Huber",0.202893350815196,0.181570066290713,0.246417337621253
75086,"L1",0.242329570415279,0.218064746555982,0.304817877624917
75087,"WPMM2",0.239790045705979,0.232451230692613,0.297575657731951
75087,"PMM2",0.216090399290623,0.208283850286041,0.227597304893742
75087,"LSE",0.26663586909961,0.255850144817943,0.350646674253066
75087,"Huber",0.135760208158512,0.126763025687087,0.180777410498279
75087,"L1",0.180738243348326,0.17356286169685,0.252919524127194
75088,"WPMM2",0.177642965390478,0.164653320232127,0.230964650426745
75088,"PMM2",0.457909735442505,0.430370173333492,0.483028158136941
75088,"LSE",0.461518469583637,0.435328568737168,0.545855149366746
75088,"Huber",0.280780588851916,0.263286704166189,0.328326084043244
75088,"L1",0.303023002427262,0.280970920862727,0.357521357158471
75089,"WPMM2",0.0720795310256861,0.0643465816549684,0.100271359685237
75089,"PMM2",0.364066904805726,0.354803015353184,0.421268579935905
75089,"LSE",0.36589756258782,0.341105564840158,0.36245270915856
75089,"Huber",0.238365067378448,0.229713521947719,0.286041778772738
75089,"L1",0.196156453246614,0.189338891683121,0.279953929950041
75090,"WPMM2",0.139533371802864,0.125483207546742,0.197399016672075
75090,"PMM2",0.344120398845951,0.318778159200038,0.345996844114323
75090,"LSE",0.341214547803018,0.300321791032487,0.303203174334548
75090,"Huber",0.19275160398529,0.169979553967636,0.210521894090514
75090,"L1",0.211990024364335,0.191751159042008,0.23640966327111
75091,"WPMM2",0.136039715365236,0.124552462689246,0.125542044941721
75091,"PMM2",0.475509658022854,0.456481798962881,0.46243824996584
75091,"LSE",0.489301221498964,0.441950710954375,0.453359564874828
75091,"Huber",0.304260220027804,0.284409565754877,0.291648644310319
75091,"L1",0.292459208022457,0.269712842109167,0.275617656684045
75092,"WPMM2",0.1233736749909,0.110766010565165,0.172126063342369
75092,"PMM2",0.276899140543365,0.280609551809135,0.398227514720838
75092,"LSE",0.2983896718813,0.27385292379377,0.366403578357251
75092,"Huber",0.167710224740104,0.165192261736854,0.257534515526472
75092,"L1",0.246173373381737,0.236564202437914,0.380000919469109
75093,"WPMM2",0.149761483875654,0.137321256412539,0.199443240512431
75093,"PMM2",0.421261776334751,0.381373756388685,0.340895157648867
75093,"LSE",0.410382323617664,0.365921953470524,0.354459854107346
75093,"Huber",0.262334504280146,0.23216032136014,0.23436139258425
75093,"L1",0.289726089769928,0.257308376486631,0.272764999590536
75094,"WPMM2",0.180242956970223,0.17014406969329,0.267018469554455
75094,"PMM2",0.674105482796901,0.654518059990424,0.779904934801448
75094,"LSE",0.75591038182392,0.741014884443655,1.03397817139887
75094,"Huber",0.27136042163481,0.252419178347307,0.369864102441625
75094,"L1",0.319599179670212,0.297361281399828,0.396364156730528
75095,"WPMM2",0.218619758917515,0.196174186780727,0.27967091052886
75095,"PMM2",0.566986379346291,0.547964621712057,0.513842468831001
75095,"LSE",0.5577211681542,0.54840153831454,0.618218494938793
75095,"Huber",0.305498142469994,0.299333132894173,0.297788562678348
75095,"L1",0.275616116421847,0.267856203617335,0.278243333018566
75096,"WPMM2",0.138604108917855,0.125746717086058,0.172682604941451
75096,"PMM2",0.321918525536119,0.316974278786267,0.374251553991192
75096,"LSE",0.375845599868975,0.378514449717179,0.568967262839975
75096,"Huber",0.098320708314209,0.0864287551445496,0.145528894875745
75096,"L1",0.113342343362304,0.100470987561429,0.165101915220092
75097,"WPMM2",0.130980281111403,0.133455511381324,0.20613418332272
75097,"PMM2",0.306702333940308,0.291876948286593,0.261386679000083
75097,"LSE",0.320720636350789,0.318758007311918,0.411387696898737
75097,"Huber",0.0710275062811451,0.0654335557583966,0.0648951737862703
75097,"L1",0.0968464483286941,0.0887842069020049,0.101282410622677
75098,"WPMM2",0.11296269968426,0.104160603854363,0.137754038921289
75098,"PMM2",0.317906623155603,0.306032521305227,0.343710269494915
75098,"LSE",0.368690669246782,0.343312611882459,0.424965868644585
75098,"Huber",0.12860541677946,0.118980096654877,0.169304959991464
75098,"L1",0.109231420968792,0.096898235832403,0.121090911336722
75099,"WPMM2",0.159593770172662,0.153297550161442,0.20301589457205
75099,"PMM2",0.601467713244358,0.568764154055424,0.58090568397607
75099,"LSE",0.640697198879887,0.601857880218637,0.743234336782204
75099,"Huber",0.291190239956554,0.279674184590854,0.322621874415959
75099,"L1",0.293185856531777,0.291160976655055,0.38764527172854
75100,"WPMM2",0.085759994047902,0.0770694385848199,0.108080293648141
75100,"PMM2",0.308673577478867,0.285842898390096,0.324011582748042
75100,"LSE",0.344710076674397,0.322325715342666,0.425242469284519
75100,"Huber",0.18951243841711,0.176850021465544,0.204745649295293
75100,"L1",0.189291736438111,0.171333174760193,0.202507254334298
75101,"WPMM2",0.217686326212051,0.18495575987126,0.308924099743212
75101,"PMM2",0.362475176200356,0.36818869900644,0.542856536470389
75101,"LSE",0.437695037150497,0.438273204459878,0.672028139948917
75101,"Huber",0.276439846776773,0.261665165689629,0.419131572770218
75101,"L1",0.379466659984543,0.338630064655656,0.59257153365143
75102,"WPMM2",0.193651140642264,0.171682186225494,0.185027745778183
75102,"PMM2",0.29798670389966,0.272142923787745,0.272616278915281
75102,"LSE",0.272684853761484,0.253941246173939,0.232796247883436
75102,"Huber",0.23476495055848,0.211534441893223,0.213147773457842
75102,"L1",0.250857790191712,0.219081732541648,0.205132705833305
75103,"WPMM2",0.137518320909177,0.127388041725105,0.151206666256763
75103,"PMM2",0.48384283464003,0.469016231925235,0.473309712504057
75103,"LSE",0.485373647229313,0.463090893859323,0.562145568819773
75103,"Huber",0.271990602536785,0.256550730319391,0.26597716872133
75103,"L1",0.270446177473805,0.253166568759241,0.263988957245754
75104,"WPMM2",0.170676924514154,0.144068731330076,0.236192993587209
75104,"PMM2",0.470702291341016,0.435826497126105,0.447706715399793
75104,"LSE",0.471132527508942,0.458784511452758,0.5269482845795
75104,"Huber",0.262300434207896,0.253608670307582,0.306845287104387
75104,"L1",0.230396571783571,0.221396460686769,0.296348410447115
75105,"WPMM2",0.139033218814096,0.117150026462266,0.19761788606944
75105,"PMM2",0.505883329931382,0.476762109301128,0.528654569380946
75105,"LSE",0.481280221917078,0.462511724644129,0.469686701788199
75105,"Huber",0.223846494718929,0.204162288277848,0.259154288493641
75105,"L1",0.248554958975213,0.235380601175663,0.330445546424664
75106,"WPMM2",0.0949802009596024,0.0910921961202292,0.112243182281128
75106,"PMM2",0.411994126866592,0.404645652786877,0.430287529259576
75106,"LSE",0.403374000593897,0.377641931937902,0.433811996839053
75106,"Huber",0.100862459325462,0.0924478149229623,0.119077340608434
75106,"L1",0.12674955544502,0.12519625672712,0.174390247946036
75107,"WPMM2",0.131610814630291,0.122422277422317,0.177181741258029
75107,"PMM2",0.335229835514713,0.311724124266248,0.282965525644271
75107,"LSE",0.342206950774609,0.328548000822568,0.292651243087205
75107,"Huber",0.192625100893288,0.185357966039734,0.174027346785577
75107,"L1",0.210320626065965,0.200295132337507,0.169566991057207
75108,"WPMM2",0.148306263607434,0.131599068208196,0.207612175130365
75108,"PMM2",0.383062388235002,0.350033092538582,0.364009260237216
75108,"LSE",0.398465998933209,0.378901930491999,0.445083074136446
75108,"Huber",0.264965877958441,0.240256630475598,0.288052922910835
75108,"L1",0.251721854174984,0.224603629901628,0.293786916006169
75109,"WPMM2",0.146255993278639,0.131262718029348,0.206130805331272
75109,"PMM2",0.551732304902878,0.517288076564605,0.551101301401682
75109,"LSE",0.602240225890808,0.542257231641062,0.620155328382105
75109,"Huber",0.203014463322898,0.185286189770629,0.259652274730533
75109,"L1",0.18817953379144,0.173800199386923,0.219657772746622
75110,"WPMM2",0.116894289300896,0.114103295947626,0.166438305760929
75110,"PMM2",0.28128180956525,0.274656634683508,0.348841143963138
75110,"LSE",0.320569697558754,0.319074757396255,0.457683631706912
75110,"Huber",0.224273300225848,0.221943653346501,0.309081023133587
75110,"L1",0.272968100399564,0.277954988167237,0.418321094976054
75111,"WPMM2",0.119652175891174,0.106557262613267,0.13885339893656
75111,"PMM2",0.418011533034118,0.406612731577253,0.402739407710472
75111,"LSE",0.458261379417797,0.409390658688714,0.48229305102651
75111,"Huber",0.279729777002791,0.250468151942834,0.234914889383847
75111,"L1",0.301124446173751,0.273371390939149,0.229385771630102
75112,"WPMM2",0.223047308591393,0.19466546287355,0.3277735708204
75112,"PMM2",0.485024478750348,0.435648384530654,0.462121092856316
75112,"LSE",0.502445090550492,0.449244488577005,0.542839973158841
75112,"Huber",0.279492744596593,0.25245357041309,0.325891969552543
75112,"L1",0.275810511516961,0.245462095833311,0.268613998988587
75113,"WPMM2",0.195331917501401,0.176051448008368,0.268695969920336
75113,"PMM2",1.49417983425202,1.42882821316236,1.48516271091994
75113,"LSE",1.94017145771458,1.92233891926562,2.74036863460684
75113,"Huber",0.281976404828988,0.257047256220875,0.357468338574787
75113,"L1",0.288503286946859,0.268329908427484,0.386307501778367
75114,"WPMM2",0.161243925742378,0.155193178632905,0.233461837395131
75114,"PMM2",0.414062895222515,0.419295382274049,0.515964552927948
75114,"LSE",0.456593957783292,0.435461796972839,0.56676775208588
75114,"Huber",0.263328621005555,0.264633741060262,0.364004327885308
75114,"L1",0.243227343569656,0.24053517651821,0.355327573877361
75115,"WPMM2",0.081501472489938,0.0762224289888673,0.100740148045608
75115,"PMM2",0.529039271563047,0.510136791316536,0.578745466386935
75115,"LSE",0.613129467293534,0.561622321485335,0.748648134839886
75115,"Huber",0.157766920968953,0.155858425920802,0.189917314323252
75115,"L1",0.232818742882664,0.222610523472338,0.218457134159358
75116,"WPMM2",0.10831269119549,0.10246862494255,0.151798441406444
75116,"PMM2",0.132445964489675,0.124471981880738,0.163710130702995
75116,"LSE",0.130197671042181,0.122171404313185,0.163627790543458
75116,"Huber",0.117814217066827,0.111193879855028,0.145717485462624
75116,"L1",0.121613969530888,0.112495431860908,0.175864876169107
75117,"WPMM2",0.156718966385459,0.142213172373807,0.230673170487058
75117,"PMM2",0.327858253808939,0.306093756672986,0.362446261096161
75117,"LSE",0.337081408652481,0.326343348278219,0.431300381670544
75117,"Huber",0.189748231603899,0.172385006357073,0.272342493709913
75117,"L1",0.163613875489201,0.150761608454304,0.259294913734315
75118,"WPMM2",0.167586799507511,0.147342447873989,0.250423403603372
75118,"PMM2",0.635035688476641,0.597150456695447,0.569751156966599
75118,"LSE",0.639438735712306,0.625611486493976,0.723464450591746
75118,"Huber",0.195055910687781,0.183114488781946,0.231297434422835
75118,"L1",0.192277762149019,0.186261442236386,0.250541331882532
75119,"WPMM2",0.212709735033616,0.201856260512581,0.229097991499098
75119,"PMM2",0.307612625039985,0.312908034701029,0.46631635187427
75119,"LSE",0.368420099659456,0.376071453017404,0.49215882111543
75119,"Huber",0.199219326239513,0.200374568756662,0.293586023865083
75119,"L1",0.241891996566314,0.238100255950049,0.362962552699852
75120,"WPMM2",0.110617588999653,0.102704332015514,0.130243492411224
75120,"PMM2",0.320119688067146,0.304407373621305,0.286209953745775
75120,"LSE",0.328840815558237,0.313277519672679,0.318397310217494
75120,"Huber",0.195613063855982,0.185674646016719,0.186568738422419
75120,"L1",0.24396527604424,0.246530435706665,0.270250578799871
75121,"WPMM2",0.157011945510353,0.127290573561351,0.230456162462814
75121,"PMM2",0.464152493274276,0.461082608690037,0.574039413348491
75121,"LSE",0.481124749869988,0.487132308019519,0.588739223852525
75121,"Huber",0.287077762764114,0.28289681911902,0.403847895803192
75121,"L1",0.214743800402836,0.218638983753544,0.329356804223209
75122,"WPMM2",0.207969076633957,0.190091233799317,0.284745568067027
75122,"PMM2",0.422831808465685,0.379663619268814,0.370171869607565
75122,"LSE",0.46080074388515,0.420707914104418,0.447617831413635
75122,"Huber",0.159824567197628,0.132939308960768,0.217865149279458
75122,"L1",0.153571870247766,0.136275755668798,0.1782886913089
75123,"WPMM2",0.295535770823277,0.278390487556911,0.315550523537145
75123,"PMM2",0.506421755644926,0.489707498544308,0.540224912920041
75123,"LSE",0.492880501265802,0.460770865713028,0.498079667939841
75123,"Huber",0.342994830883929,0.316862110848446,0.336003946937798
75123,"L1",0.347204335048198,0.319610029867346,0.325569849629368
75124,"WPMM2",0.087640299262056,0.0818029997374131,0.124885286698284
75124,"PMM2",0.340910319622595,0.344278750265858,0.417844297992571
75124,"LSE",0.364777500260238,0.356556115395083,0.444707347683988
75124,"Huber",0.220488325179056,0.222984830004826,0.287305219675773
75124,"L1",0.164370500926952,0.162988458184004,0.185116742747704
75125,"WPMM2",0.143894753831421,0.131581337390562,0.228092602885346
75125,"PMM2",0.379378570657585,0.34469550991165,0.363860975609984
75125,"LSE",0.449453153484874,0.423045703714607,0.436668135390635
75125,"Huber",0.220883020482602,0.205758022152692,0.224683040814126
75125,"L1",0.240642349209438,0.227107769301254,0.228350621114729
75126,"WPMM2",0.137709002858657,0.129151859908851,0.166327777553085
75126,"PMM2",0.529104486764174,0.527105209106996,0.571321629242179
75126,"LSE",0.548206023978448,0.548462507995982,0.667094948836761
75126,"Huber",0.304812302581776,0.306524684505173,0.357591237823652
75126,"L1",0.363865048754054,0.366789367710538,0.48106206636425
75127,"WPMM2",0.136912413860759,0.132162423739402,0.192743750106556
75127,"PMM2",0.344754194916483,0.316549559714812,0.273816317680702
75127,"LSE",0.356606590583914,0.322048900358523,0.370451394087089
75127,"Huber",0.12204170635179,0.10974462335728,0.10921216272394
75127,"L1",0.12527596748112,0.113928077256611,0.17307370742777
75128,"WPMM2",0.22003973742456,0.210029354056484,0.315932920600831
75128,"PMM2",0.286935413314997,0.255513164435886,0.251197344318122
75128,"LSE",0.306408149648299,0.27271597001797,0.324273272892934
75128,"Huber",0.153634676080716,0.136844358063059,0.204825593979848
75128,"L1",0.215894068660559,0.193210211453249,0.298221407495088
75129,"WPMM2",0.0809339052728422,0.0753858540368679,0.107342943274955
75129,"PMM2",0.65139028318287,0.61211618596642,0.632146783534498
75129,"LSE",0.710893690192994,0.701958114888344,0.819025324521032
75129,"Huber",0.263990714072698,0.240163712869469,0.262013324117352
75129,"L1",0.241052571008495,0.213698021607084,0.235559201206153
75130,"WPMM2",0.119542421828741,0.0969043276562883,0.176401242323059
75130,"PMM2",0.343459683037084,0.305721711915373,0.256226642263686
75130,"LSE",0.341902849080969,0.303630019779986,0.290157311791101
75130,"Huber",0.191320040789749,0.168880065898996,0.159207382660942
75130,"L1",0.192642678519286,0.170007239105161,0.177159325412123
75131,"WPMM2",0.356851946936175,0.351215629326298,0.45301811910699
75131,"PMM2",0.667619571531202,0.675719697458811,0.760654598356136
75131,"LSE",0.72211919539124,0.703862128146716,0.877558297957845
75131,"Huber",0.45529047411104,0.46489295718267,0.546228047096911
75131,"L1",0.540988202397126,0.544508959940844,0.636345141272264
75132,"WPMM2",0.0637876758629699,0.0580978393766679,0.0721299841518467
75132,"PMM2",0.425348557965995,0.418716386958582,0.456981161919891
75132,"LSE",0.438384962949152,0.445522637845582,0.584779426082722
75132,"Huber",0.217723958789325,0.213396438387788,0.248066157172079
75132,"L1",0.234165037179205,0.231729441003472,0.280641661622439
75133,"WPMM2",0.139201406676772,0.130535814587696,0.136538601652775
75133,"PMM2",0.310462633784302,0.286470269056256,0.239041902549253
75133,"LSE",0.308485956144713,0.281750423988527,0.272445111025597
75133,"Huber",0.246159815630679,0.224807876615954,0.177550111568491
75133,"L1",0.254537128762264,0.242192292802309,0.221470049268055
75134,"WPMM2",0.121235327633702,0.103475210877517,0.169850688086366
75134,"PMM2",0.45795192325219,0.443169055112661,0.549356548261811
75134,"LSE",0.492730636886508,0.466789559234131,0.634690415979447
75134,"Huber",0.196875677875793,0.194480487851827,0.302133916672753
75134,"L1",0.139245272649321,0.1385781576344,0.209291376322377
75135,"WPMM2",0.117450804070876,0.0995247638920975,0.192370484280736
75135,"PMM2",0.37537819105384,0.345049655069401,0.357610988784708
75135,"LSE",0.417461146005618,0.382714982912812,0.492031959877108
75135,"Huber",0.167464259763212,0.148480294011904,0.189007396727454
75135,"L1",0.174061650543735,0.156293449509172,0.228428626582385
75136,"WPMM2",0.141423371204324,0.13713041361776,0.170576278290395
75136,"PMM2",0.479953466590857,0.455757721569936,0.47208008393348
75136,"LSE",0.498745585999666,0.496956660012073,0.588484179797415
75136,"Huber",0.270702681008601,0.261930227311613,0.28962024972732
75136,"L1",0.332109568692862,0.321685650107347,0.432137584515883
75137,"WPMM2",0.175714841616115,0.156945014996986,0.178374635771207
75137,"PMM2",0.318020506675535,0.29090147473733,0.283666250084353
75137,"LSE",0.31925573776355,0.293723757173457,0.291959447025677
75137,"Huber",0.245698439420507,0.220838863549285,0.228712165772305
75137,"L1",0.259338096578286,0.231817582396348,0.236556881803192
75138,"WPMM2",0.15303240211864,0.15224296882671,0.187417870725147
75138,"PMM2",0.783882757458861,0.769217574771382,0.888889958450861
75138,"LSE",0.789600001754032,0.795797635261693,1.04167323698655
75138,"Huber",0.298070861433062,0.300931601601333,0.352062893259823
75138,"L1",0.36944588747439,0.363238003859116,0.477698221202614
75139,"WPMM2",0.138723333613932,0.129587415047168,0.19103331420951
75139,"PMM2",0.297727957649847,0.281993251479789,0.333798866982392
75139,"LSE",0.286209395695444,0.286212440073534,0.386931649622654
75139,"Huber",0.206936853284986,0.192219317607652,0.270008653847569
75139,"L1",0.244649100498514,0.228270131018846,0.292179347782539
75140,"WPMM2",0.125616449809609,0.114227904401838,0.170811817477836
75140,"PMM2",1.16706169478015,1.12469243444572,1.08520197214141
75140,"LSE",1.31909650947638,1.25514290195157,1.75830765804864
75140,"Huber",0.231480433822794,0.211980496006046,0.252351272523284
75140,"L1",0.202008611182615,0.187003065095765,0.26573161796855
75141,"WPMM2",0.174525033336813,0.15891853104932,0.182719057940055
75141,"PMM2",0.242420587865509,0.226737520370361,0.256821179616464
75141,"LSE",0.229925417369203,0.21712358433045,0.240517466877405
75141,"Huber",0.217352593541151,0.203185007710927,0.213042419351946
75141,"L1",0.198028033256975,0.191367644135254,0.209017785617754
75142,"WPMM2",0.258390214289919,0.25197865381479,0.336474291953234
75142,"PMM2",0.577714545988087,0.577647408880093,0.641928101449416
75142,"LSE",0.687037604321834,0.68145255155765,0.876337640602024
75142,"Huber",0.325184593977184,0.320893514578477,0.366224512946845
75142,"L1",0.330750612460477,0.316099677246081,0.364129126456012
75143,"WPMM2",0.125845816853218,0.117695181488554,0.168859342133425
75143,"PMM2",0.506685304157028,0.501598155347396,0.532975321093261
75143,"LSE",0.524445890318665,0.493813356318941,0.547775164000893
75143,"Huber",0.227117009389932,0.217598667356274,0.25895924870417
75143,"L1",0.216572894131733,0.209438996069055,0.300467989399699
75144,"WPMM2",0.171251902634359,0.148528682600571,0.246096627143255
75144,"PMM2",0.3223712720575,0.329853363332786,0.41781123650357
75144,"LSE",0.313817817638178,0.297976725353329,0.320497996417389
75144,"Huber",0.251958437439068,0.24656709140137,0.310876214301329
75144,"L1",0.268009690048083,0.249843559378745,0.39074083097173
75145,"WPMM2",0.103247865735157,0.0901300750979775,0.133992154016003
75145,"PMM2",0.509321271302103,0.45259737169687,0.361061675004647
75145,"LSE",0.524860019055214,0.465728373594167,0.466959458100038
75145,"Huber",0.184424641448076,0.165767812095384,0.13887737239841
75145,"L1",0.220433965803752,0.207736052562936,0.189434388424251
75146,"WPMM2",0.123543912806541,0.106250892028136,0.177121427408894
75146,"PMM2",0.413009061295614,0.378064238182237,0.411136519885617
75146,"LSE",0.414477518370531,0.399612867243998,0.46197726672575
75146,"Huber",0.254240101245365,0.23177047821127,0.282037680431215
75146,"L1",0.207603962508831,0.192919305793492,0.25848294382635
75147,"WPMM2",0.159037361600565,0.144769621152521,0.246205017474023
75147,"PMM2",0.227791182132467,0.219788471212636,0.31725290883095
75147,"LSE",0.264382520467426,0.244468268551991,0.357206103266842
75147,"Huber",0.176316822251169,0.162260795419095,0.260686018662969
75147,"L1",0.245956792463368,0.240674082807652,0.388681083421223
75148,"WPMM2",0.167575655567752,0.153922104892034,0.243155516370326
75148,"PMM2",0.376648321499674,0.349058104956743,0.320789692299839
75148,"LSE",0.401905536422712,0.382875270497365,0.433435726299913
75148,"Huber",0.231136620107092,0.212036790463596,0.23597875998382
75148,"L1",0.230426298728739,0.210233474452456,0.218049775047828
75149,"WPMM2",0.153794531543425,0.124926363008883,0.222370432253831
75149,"PMM2",0.413450760711398,0.371346149768644,0.365440782617369
75149,"LSE",0.422717681838897,0.385982998198,0.449206174469714
75149,"Huber",0.244398294105736,0.217178672368723,0.234639811653784
75149,"L1",0.279522022289729,0.251592205271287,0.274121088905927
75150,"WPMM2",0.178142721239591,0.174555385786712,0.252928155248011
75150,"PMM2",0.379190428730599,0.381443267497724,0.479751080781215
75150,"LSE",0.386723657160995,0.386504299842127,0.511032436315638
75150,"Huber",0.236561009197635,0.238649036423198,0.322436217416824
75150,"L1",0.281176877870323,0.284813339087849,0.414561263642173
75151,"WPMM2",0.31527799577853,0.311531826744267,0.501859624302667
75151,"PMM2",0.804501944870494,0.800104748499203,1.0824026788017
75151,"LSE",0.98118857559078,0.943557785067186,1.42984911697772
75151,"Huber",0.404088546923303,0.403300672142696,0.619583941712649
75151,"L1",0.435506574001007,0.427949998241288,0.676973835630312
75152,"WPMM2",0.1945465537472,0.168457818876597,0.294523535615734
75152,"PMM2",0.466173845036734,0.434077108913937,0.482550676796789
75152,"LSE",0.501011249998856,0.490182675111499,0.59006443923259
75152,"Huber",0.249211838665133,0.228511802947201,0.330397135967751
75152,"L1",0.265226815062345,0.244193540148625,0.312354121549306
75153,"WPMM2",0.080726329016947,0.0754423882466286,0.0859315679437051
75153,"PMM2",0.166176731067489,0.166126075864007,0.22320846242563
75153,"LSE",0.194985377443272,0.184682194184985,0.23096505039989
75153,"Huber",0.109622403813855,0.104556629232429,0.170360625141064
75153,"L1",0.157110966304926,0.159150304412896,0.243796791965533
75154,"WPMM2",0.121477857549584,0.117147789068997,0.157432734291728
75154,"PMM2",0.664382250618683,0.654576269684737,0.676560135722667
75154,"LSE",0.776647493910424,0.73319886011762,1.03131960274334
75154,"Huber",0.233764362490896,0.228607351845028,0.249843521016905
75154,"L1",0.214218567457913,0.208558693414256,0.28256305631038
75155,"WPMM2",0.120244241997563,0.0966415897788874,0.183973193863419
75155,"PMM2",0.375921469539404,0.342174345491183,0.321936594076774
75155,"LSE",0.389134623303189,0.356073370107201,0.365287338726061
75155,"Huber",0.248981019258185,0.221197565309012,0.229233575392131
75155,"L1",0.219489924478458,0.203864185108828,0.192165790290676
75156,"WPMM2",0.112764283402007,0.10098515753757,0.175645180938608
75156,"PMM2",0.37734928770248,0.374390840009944,0.471463625086648
75156,"LSE",0.420746941967333,0.425198641329102,0.638151812574926
75156,"Huber",0.167496054462702,0.151680659432177,0.242406735147928
75156,"L1",0.175891152119325,0.163933117660224,0.267665014801657
75157,"WPMM2",0.177389515705746,0.145055947138416,0.25397666376386
75157,"PMM2",0.803178532413056,0.803242320067117,0.968850803525723
75157,"LSE",0.918702066855784,0.936804479410231,1.44527773662082
75157,"Huber",0.270858429065451,0.267792679509256,0.398569428933824
75157,"L1",0.205477193138943,0.196539033073495,0.316567954301719
75158,"WPMM2",0.0993884517420402,0.0860325619555298,0.123945748407316
75158,"PMM2",0.665288665021312,0.63842919384915,0.674488268820758
75158,"LSE",0.67068898590498,0.671578567650777,0.859645133113875
75158,"Huber",0.256625876152384,0.239098056608786,0.217059312624475
75158,"L1",0.327422754551915,0.300997927097268,0.273423481121038
75159,"WPMM2",0.195186523560339,0.168708536998885,0.230033641328786
75159,"PMM2",0.446204196572113,0.407524350548372,0.399570926061256
75159,"LSE",0.46361650074202,0.446482636126419,0.524816114393929
75159,"Huber",0.239775426936817,0.216756411358938,0.248265591368177
75159,"L1",0.232705897566191,0.209770110178149,0.243097161420464
75160,"WPMM2",0.0715796928538164,0.0719612191834272,0.0860410531858225
75160,"PMM2",0.40189585130692,0.392745693246176,0.394175819497857
75160,"LSE",0.437685509865772,0.415725845487147,0.43484687347088
75160,"Huber",0.243563310465215,0.24389054980113,0.265811769023259
75160,"L1",0.178937880415772,0.176644666214948,0.205905201546252
75161,"WPMM2",0.160159298580267,0.162502253530456,0.233161697963405
75161,"PMM2",0.340573438773521,0.335036880959912,0.351446578428458
75161,"LSE",0.352403101854244,0.353590986191797,0.450220566479358
75161,"Huber",0.137551138521228,0.137103108769698,0.156000647130409
75161,"L1",0.0828332442726001,0.0744841618837776,0.0977515444732308
75162,"WPMM2",0.140948348160315,0.14410789661284,0.202638162946003
75162,"PMM2",0.534573150075598,0.514679152040118,0.502488313667134
75162,"LSE",0.567107054351421,0.537164020572397,0.677326937789794
75162,"Huber",0.266407111003358,0.270490594732132,0.328679854076902
75162,"L1",0.285623513964855,0.276427264906893,0.323830581794216
75163,"WPMM2",0.0936538931771248,0.0858132142003538,0.121259595422402
75163,"PMM2",0.224289977530807,0.214438549376104,0.251892607364704
75163,"LSE",0.249032262991899,0.243430361890937,0.336800203461182
75163,"Huber",0.147565728728602,0.13656544805219,0.184663354463899
75163,"L1",0.154233492871746,0.149604454441738,0.23403110143458
75164,"WPMM2",0.169257939382217,0.156413954629345,0.164217247915408
75164,"PMM2",0.512845018806528,0.493154147303409,0.497127697244408
75164,"LSE",0.514177515994536,0.495715818298766,0.60415958025995
75164,"Huber",0.249713956592475,0.236759857042951,0.262791931133507
75164,"L1",0.318785731437583,0.306181610672833,0.354620984197977
75165,"WPMM2",0.156756668811691,0.14286070914902,0.22722513405552
75165,"PMM2",0.790942293093902,0.742365994281478,0.790462897407822
75165,"LSE",0.769254132906987,0.724197810009637,0.73318732414071
75165,"Huber",0.307053039387615,0.281110075529989,0.325509844760408
75165,"L1",0.312850166204651,0.292758471258572,0.363101922802431
75166,"WPMM2",0.193347996677364,0.176535281442273,0.205569847580136
75166,"PMM2",0.229578541921625,0.216561802047192,0.297869870710931
75166,"LSE",0.264258800125916,0.243337215788868,0.325500224179399
75166,"Huber",0.150572986408398,0.137967050136269,0.205560314092877
75166,"L1",0.168765838059999,0.15578396397039,0.22375259105563
75167,"WPMM2",0.165055567208863,0.1513423659088,0.201042482107609
75167,"PMM2",0.243542623966299,0.2253552331986,0.27747111875792
75167,"LSE",0.248053783435869,0.231483600655599,0.294962108595802
75167,"Huber",0.210342260441907,0.19345524875296,0.241995345051944
75167,"L1",0.215569921577634,0.195777052656806,0.248797402953079
75168,"WPMM2",0.175510694028207,0.172667376381558,0.198661187386155
75168,"PMM2",0.839692173723665,0.806028930857949,0.8188853938145
75168,"LSE",0.879037680136027,0.872662174285996,1.11804415915774
75168,"Huber",0.23039388107771,0.221098415826155,0.263657505365573
75168,"L1",0.210544572139743,0.209868382962031,0.28785487066119
75169,"WPMM2",0.193929526758466,0.175904740622074,0.190540098890224
75169,"PMM2",0.510979275691688,0.48459996517054,0.495065781715033
75169,"LSE",0.497306459252878,0.478714512723794,0.506955769181305
75169,"Huber",0.36175536167611,0.337413805628504,0.348214532003328
75169,"L1",0.359292415534173,0.33423660185463,0.353097035625667
75170,"WPMM2",0.14120403570169,0.135066274104995,0.208663515454243
75170,"PMM2",0.723459423507055,0.699209170597996,0.738478574052922
75170,"LSE",0.750476659670775,0.762924234708692,1.01922585456731
75170,"Huber",0.345894710383645,0.338829049621213,0.423895296776851
75170,"L1",0.275051392259187,0.261610387079419,0.322470502053516
75171,"WPMM2",0.139396887277841,0.120576092620022,0.216401995335827
75171,"PMM2",0.284427325357471,0.260496306686991,0.223885502914089
75171,"LSE",0.292912570838243,0.274165626001784,0.292138767133714
75171,"Huber",0.151973923730389,0.145314702450191,0.140608077157135
75171,"L1",0.154831095343459,0.135919939478938,0.210807834509419
75172,"WPMM2",0.114760359912594,0.101207151641986,0.15841956796013
75172,"PMM2",0.568689662649882,0.483768794763767,0.709856536637963
75172,"LSE",0.355985966783267,0.316167034589164,0.28847630312887
75172,"Huber",0.164033749989499,0.156115780503243,0.18277501680971
75172,"L1",0.167906909599616,0.167335605752551,0.245698407090609
75173,"WPMM2",0.138085666497963,0.12578667622077,0.149658717837042
75173,"PMM2",0.295553563790597,0.294889457948354,0.430574025309148
75173,"LSE",0.2875602575059,0.26400292677283,0.394381710725944
75173,"Huber",0.0908104023793286,0.0909378423346347,0.134742907979949
75173,"L1",0.130989996100783,0.120333265082952,0.194958416048241
75174,"WPMM2",0.0754113081528627,0.06974305011979,0.0623926383311764
75174,"PMM2",0.367435549317523,0.362536432792105,0.417036285949864
75174,"LSE",0.404371738017764,0.359548414009301,0.370951105230724
75174,"Huber",0.191310603219642,0.18211169873144,0.197647825758816
75174,"L1",0.119489040582719,0.109457598402356,0.145591259504876
75175,"WPMM2",0.159587611299553,0.141919580521993,0.178892087139681
75175,"PMM2",0.559986561203987,0.510147929521208,0.457900536585878
75175,"LSE",0.578304033918269,0.542229704147093,0.489276430154562
75175,"Huber",0.359586905508035,0.325455277623429,0.308284099388012
75175,"L1",0.303102363977657,0.273221916390406,0.270574701373239
75176,"WPMM2",0.159370641502338,0.146840810445276,0.243444737093455
75176,"PMM2",0.52472609290709,0.48867574194359,0.526688042878024
75176,"LSE",0.55043591991115,0.51481089865318,0.555912616656096
75176,"Huber",0.277449720368122,0.255408584017829,0.326169673851877
75176,"L1",0.235783873071411,0.218970064243327,0.302539394862985
75177,"WPMM2",0.120325651829962,0.113919838018183,0.171864305774845
75177,"PMM2",0.458092233260614,0.433546901282569,0.422412310110306
75177,"LSE",0.476201329846337,0.440218969054442,0.480648665946051
75177,"Huber",0.240385999461564,0.222594892420924,0.247806577844238
75177,"L1",0.224874345739969,0.202510387868503,0.222487502445997
75178,"WPMM2",0.103350122609642,0.096120311627727,0.129371303529093
75178,"PMM2",0.381853972774182,0.372702108528171,0.467234333065794
75178,"LSE",0.367397532522772,0.348644505773688,0.4183772223289
75178,"Huber",0.213966892003487,0.20703017624609,0.252648716114291
75178,"L1",0.244055522126187,0.244615425874904,0.329315798930672
75179,"WPMM2",0.115921284628105,0.103765400126222,0.14165006022929
75179,"PMM2",0.659966067169219,0.647475196132061,0.843427756535182
75179,"LSE",0.608967501369756,0.551551718512943,0.681120279150088
75179,"Huber",0.192258940011602,0.177605037412338,0.195182732111766
75179,"L1",0.192923804666369,0.184949448815601,0.233527141208711
75180,"WPMM2",0.0850004734081613,0.0748845824041111,0.105069484247021
75180,"PMM2",0.366740219844163,0.344404706858222,0.334774107854432
75180,"LSE",0.361041969512175,0.362575808437099,0.459287924307073
75180,"Huber",0.237243596701739,0.224863722521802,0.232538403468197
75180,"L1",0.208058606132512,0.201508796168131,0.241322854782077
75181,"WPMM2",0.148284319867334,0.141299593969132,0.22534406219767
75181,"PMM2",0.54269059209908,0.541566724510335,0.659774876041573
75181,"LSE",0.555438842881559,0.562657858491721,0.709565443989193
75181,"Huber",0.251431406546741,0.253122426482324,0.365010860519325
75181,"L1",0.259407883855282,0.261963174892535,0.369627386362667
75182,"WPMM2",0.165884180800003,0.166318098078507,0.208337511460914
75182,"PMM2",0.39666772694012,0.393655017157491,0.435757449899558
75182,"LSE",0.476748952511689,0.4806133501102,0.631610613177245
75182,"Huber",0.204108097763829,0.205696643832396,0.258472318769692
75182,"L1",0.197938080683821,0.198584682742863,0.283929225693171
75183,"WPMM2",0.112281440268436,0.112592037994142,0.175139872590007
75183,"PMM2",0.16942357789601,0.15810562602585,0.129488826904826
75183,"LSE",0.168425245200438,0.151971522577736,0.164765362936795
75183,"Huber",0.0897132182280057,0.0848653487346796,0.11179596520034
75183,"L1",0.137107339146258,0.126476978027347,0.183293942534067
75184,"WPMM2",0.176824102937809,0.160005080279544,0.181521099422782
75184,"PMM2",0.455455510907242,0.430219663627824,0.444315617340868
75184,"LSE",0.469486341936382,0.450383599708103,0.507150121983403
75184,"Huber",0.292523524178465,0.275945932360425,0.304817301480185
75184,"L1",0.286518600107413,0.263787278364192,0.286836581463944
75185,"WPMM2",0.154040178206802,0.140410955975977,0.14855507639884
75185,"PMM2",0.352199525106715,0.338601171034811,0.37113647821248
75185,"LSE",0.344583606135415,0.320491835616594,0.328801961984775
75185,"Huber",0.264669161009023,0.250236242623187,0.253523295492391
75185,"L1",0.232959141855929,0.215676044345668,0.18376925891194
75186,"WPMM2",0.173345363377568,0.137361999940657,0.229713813000671
75186,"PMM2",0.312360326480606,0.308858847738176,0.430567914665717
75186,"LSE",0.318028850467587,0.307065073611542,0.423420549950893
75186,"Huber",0.242621909551821,0.225937110873703,0.339809191283319
75186,"L1",0.258287314143218,0.233711661393095,0.366260358878513
75187,"WPMM2",0.175926497377923,0.16373286319953,0.251194688325065
75187,"PMM2",0.373019255017492,0.372039548594571,0.431737559159706
75187,"LSE",0.376094306425865,0.380548378848598,0.494236851054574
75187,"Huber",0.249314773336502,0.248223876992397,0.354284050823082
75187,"L1",0.229754964182391,0.232875707046454,0.307962003098787
75188,"WPMM2",0.159204664223288,0.146013166566556,0.223506376884288
75188,"PMM2",0.37384968978764,0.34058436265975,0.511229862523302
75188,"LSE",0.285444230467975,0.268516761568181,0.305093753957738
75188,"Huber",0.184855131393652,0.172233127459319,0.259015893772409
75188,"L1",0.173320317380912,0.158185503022346,0.227841154055264
75189,"WPMM2",0.238618283675236,0.235370747939299,0.307210088450471
75189,"PMM2",0.515810233879779,0.507216498329686,0.567381199397161
75189,"LSE",0.540583846132335,0.53189838831748,0.631736291431844
75189,"Huber",0.35806187694405,0.347802194069489,0.4246233869469
75189,"L1",0.344156337961194,0.332696941304302,0.462173829908989
75190,"WPMM2",0.158452036186058,0.146474888491718,0.23417418395395
75190,"PMM2",0.546903305399792,0.536835790897774,0.706482380673539
75190,"LSE",0.414663525879635,0.376245022183181,0.481035791692368
75190,"Huber",0.256211015265446,0.2368140470977,0.305754126668226
75190,"L1",0.289461518953158,0.278454811400326,0.341765063405211
75191,"WPMM2",0.188804997237624,0.174700603775028,0.251182612272382
75191,"PMM2",0.483867474193024,0.451664568878881,0.510973789004315
75191,"LSE",0.544750742225902,0.504536418361877,0.634006063823965
75191,"Huber",0.279868099707773,0.255648862782667,0.341385027568963
75191,"L1",0.262354442553356,0.24092844872091,0.348435764274531
75192,"WPMM2",0.170262682486576,0.160411880598135,0.243468708629857
75192,"PMM2",0.390796796408723,0.36530719395899,0.439877333798949
75192,"LSE",0.414319954217129,0.390204492164284,0.440585520234994
75192,"Huber",0.224367152926457,0.214315809047747,0.292209783271646
75192,"L1",0.262691074517412,0.239717857086459,0.367072553439794
75193,"WPMM2",0.12219506559501,0.104164970016234,0.162392333451993
75193,"PMM2",0.241491885121957,0.229927165331875,0.299999916229826
75193,"LSE",0.262211714171907,0.250693063112651,0.348495575307019
75193,"Huber",0.196985829918597,0.186266853224604,0.270464305333479
75193,"L1",0.203745242783767,0.186437010732734,0.304270406333931
75194,"WPMM2",0.196032039748503,0.185016881974576,0.266758475356593
75194,"PMM2",0.439820042471632,0.423910196240147,0.448348482523269
75194,"LSE",0.444552183406009,0.444032407987588,0.525642888911359
75194,"Huber",0.242917030513675,0.232658112778284,0.274229932024805
75194,"L1",0.257751019329443,0.240839851367951,0.315873151489512
75195,"WPMM2",0.195562407895753,0.183569183899974,0.275281017329434
75195,"PMM2",0.540544030404116,0.537955147790745,0.848363567123732
75195,"LSE",0.651299870461253,0.590217634505762,0.727986991838667
75195,"Huber",0.302699972977126,0.276599755996677,0.361802260214865
75195,"L1",0.284644468767163,0.278313164952203,0.404697930547778
75196,"WPMM2",0.140980903551054,0.124898334924846,0.196154098093118
75196,"PMM2",0.858652430616778,0.782783045025583,1.03526893486501
75196,"LSE",0.580077319474036,0.519371021279313,0.682344210932283
75196,"Huber",0.270176537672693,0.258106748320969,0.289054723061699
75196,"L1",0.299232073049354,0.287467943862645,0.340994063981152
75197,"WPMM2",0.109109276864566,0.0953324913946778,0.143023909964442
75197,"PMM2",0.419461098490086,0.426715148515046,0.610675933513012
75197,"LSE",0.473974390484062,0.480498479233921,0.73991337671473
75197,"Huber",0.160488532673089,0.159643547064458,0.26353456819443
75197,"L1",0.132101521815702,0.129243013313065,0.220218692084874
75198,"WPMM2",0.0704046732604001,0.0650877840541037,0.0818490344411405
75198,"PMM2",0.948881747170908,0.900751616036445,0.922890079053168
75198,"LSE",1.139895124461,1.15284370163939,1.65582228411184
75198,"Huber",0.15858684556764,0.151576457997989,0.185658394542802
75198,"L1",0.188536871018471,0.173437739126925,0.193010157112737
75199,"WPMM2",0.0788493592530214,0.0730886427521721,0.108563337093468
75199,"PMM2",0.257983283159765,0.242352094973194,0.234281114060968
75199,"LSE",0.262525536768996,0.237454767813708,0.18477471626204
75199,"Huber",0.165925775302575,0.151985893007103,0.15147173611447
75199,"L1",0.272039335899473,0.254981215205932,0.267083169355835
75200,"WPMM2",0.144635237686664,0.126244863118424,0.219268402468453
75200,"PMM2",0.453652052436688,0.416438804886779,0.372337160853713
75200,"LSE",0.416908709489977,0.383535877100042,0.373849297602165
75200,"Huber",0.198722212653991,0.17645648060436,0.138319628265189
75200,"L1",0.208164486609033,0.183749476537684,0.177334796400485
